<?xml version="1.0" encoding="utf-8"?>
<xml xmlns:xsi="http://www.w3.org/2001/XMLSchema-instance" xmlns:xsd="http://www.w3.org/2001/XMLSchema">
  <project>
    <projname>BridgeTest</projname>
    <welcome>This project demonstrates how to cross a gap using an object.</welcome>
    <author>Your name</author>
    <version>Version 1.0</version>
    <output>ADVENTUR</output>
    <preps>
      <prep>in</prep>
      <prep>on</prep>
      <prep>at</prep>
      <prep>under</prep>
      <prep>into</prep>
      <prep>inside</prep>
      <prep>through</prep>
      <prep>out</prep>
      <prep>behind</prep>
      <prep>off</prep>
      <prep>up</prep>
      <prep>with</prep>
      <prep>to</prep>
      <prep>off</prep>
      <prep>north</prep>
      <prep>south</prep>
      <prep>east</prep>
      <prep>west</prep>
      <prep>northeast</prep>
      <prep>southeast</prep>
      <prep>northwest</prep>
      <prep>southwest</prep>
      <prep>up</prep>
      <prep>down</prep>
      <prep>about</prep>
      <prep>over</prep>
      <prep>across</prep>
    </preps>
    <verbs>
      <builtinverbs>
        <verb>n,go north,north</verb>
        <verb>s,go south,south</verb>
        <verb>e,go east,east</verb>
        <verb>w,go west,west</verb>
        <verb>ne,go northeast,northeast</verb>
        <verb>se,go southeast,southeast</verb>
        <verb>sw,go southwest,southwest</verb>
        <verb>nw,go northwest,northwest</verb>
        <verb>up,go up,u</verb>
        <verb>down,go down,d</verb>
        <verb>enter,go in,go inside,get in</verb>
        <verb>out</verb>
        <verb>go</verb>
        <verb>get,take,grab,pick up</verb>
        <verb>give</verb>
        <verb>inventory,i</verb>
        <verb>kill,attack</verb>
        <verb>drop</verb>
        <verb>light</verb>
        <verb>look,l</verb>
        <verb>examine,x,look at,inspect</verb>
        <verb>look in,search</verb>
        <verb>open</verb>
        <verb>lock</verb>
        <verb>unlock</verb>
        <verb>close,shut</verb>
        <verb>eat</verb>
        <verb>drink</verb>
        <verb>put,place</verb>
        <verb>quit</verb>
        <verb>smell,sniff</verb>
        <verb>listen</verb>
        <verb>wait</verb>
        <verb>climb</verb>
        <verb>yell,scream,shout</verb>
        <verb>jump</verb>
        <verb>talk to</verb>
        <verb>turn on</verb>
        <verb>turn off</verb>
        <verb>wear</verb>
        <verb>save</verb>
        <verb>restore</verb>
        <verb>push,press</verb>
        <verb>read</verb>
        <verb>use</verb>
        <verb>again</verb>
      </builtinverbs>
      <userverbs />
    </verbs>
    <objects>
      <object id="0" holder="0" name="Offscreen" printedname="Offscreen">
        <description>Offscreen.  Move objects here to remove them from the world.</description>
        <initialdescription />
        <directions n="255" s="255" e="255" w="255" ne="255" se="255" sw="255" nw="255" up="255" down="255" in="255" out="255" mass="0" />
        <flags scenery="0" portable="0" container="0" supporter="0" transparent="0" openable="0" open="0" _x0020_="0" wearable="0" emittinglight="0" locked="0" lockable="0" beingworn="0" user1="0" door="0" user2="0" />
        <synonyms />
        <nogo />
        <backdrop />
      </object>
      <object id="1" holder="2" name="player" printedname="player">
        <description>You're a wonderful person. You shouldn't care what you look like.</description>
        <initialdescription />
        <directions n="255" s="255" e="255" w="255" ne="255" se="255" sw="255" nw="255" up="255" down="255" in="255" out="255" mass="0" />
        <flags scenery="0" portable="0" container="0" supporter="0" transparent="0" openable="0" open="0" _x0020_="0" wearable="0" emittinglight="0" locked="0" lockable="0" beingworn="0" user1="0" door="0" user2="0" />
        <synonyms names="me,self" />
        <nogo />
        <backdrop />
      </object>
      <object id="2" holder="0" name="South_of_Chasm" printedname="South of Chasm">
        <description>This is a ledge on the south side of  a deep chasm about ten feet across.</description>
        <initialdescription />
        <directions n="255" s="255" e="255" w="255" ne="255" se="255" sw="255" nw="255" up="255" down="255" in="255" out="255" mass="0" />
        <flags scenery="0" portable="0" container="0" supporter="0" transparent="0" openable="0" open="0" _x0020_="0" wearable="0" emittinglight="1" locked="0" lockable="0" beingworn="0" user1="0" door="0" user2="0" />
        <synonyms names="" />
        <nogo>
          <s />
          <w />
          <ne />
          <nw />
          <e />
          <se />
          <sw />
          <n>The chasm is too wide to cross.</n>
          <up />
          <down />
        </nogo>
        <backdrop />
      </object>
      <object id="3" holder="0" name="North_of_Chasm" printedname="North of Chasm">
        <description>This is a ledge on the north side of  a deep chasm about ten feet across.</description>
        <initialdescription />
        <directions n="255" s="2" e="255" w="255" ne="255" se="255" sw="255" nw="255" up="255" down="255" in="255" out="255" mass="0" />
        <flags scenery="0" portable="0" container="0" supporter="0" transparent="0" openable="0" open="0" _x0020_="0" wearable="0" emittinglight="1" locked="0" lockable="0" beingworn="0" user1="0" door="0" user2="0" />
        <synonyms />
        <nogo />
        <backdrop />
      </object>
      <object id="4" holder="2" name="plank" printedname="plank">
        <description>This is a thick board about 12 feet long.</description>
        <initialdescription />
        <directions n="255" s="255" e="255" w="255" ne="255" se="255" sw="255" nw="255" up="255" down="255" in="255" out="255" mass="0" />
        <flags scenery="0" portable="1" container="0" supporter="0" transparent="0" openable="0" open="0" _x0020_="0" wearable="0" emittinglight="0" locked="0" lockable="0" beingworn="0" user1="0" door="0" user2="0" />
        <synonyms names="board" />
        <nogo />
        <backdrop />
      </object>
      <object id="5" holder="2" name="chasm" printedname="chasm">
        <description>This is an infathomably deep crack in the earth.</description>
        <initialdescription />
        <directions n="255" s="255" e="255" w="255" ne="255" se="255" sw="255" nw="255" up="255" down="255" in="255" out="255" mass="0" />
        <flags scenery="1" portable="0" container="0" supporter="0" transparent="0" openable="0" open="0" _x0020_="0" wearable="0" emittinglight="0" locked="0" lockable="0" beingworn="0" user1="0" door="0" user2="0" />
        <synonyms names="" />
        <nogo />
        <backdrop />
      </object>
    </objects>
    <checks>
      <check verb="close" check="check_dobj_supplied" />
      <check verb="drink" check="check_dobj_supplied" />
      <check verb="drink" check="check_have_dobj" />
      <check verb="drop" check="check_dobj_supplied" />
      <check verb="drop" check="check_have_dobj" />
      <check verb="eat" check="check_dobj_supplied" />
      <check verb="eat" check="check_have_dobj" />
      <check verb="enter" check="check_dobj_supplied" />
      <check verb="enter" check="check_see_dobj" />
      <check verb="examine" check="check_dobj_supplied" />
      <check verb="examine" check="check_see_dobj" />
      <check verb="get" check="check_dobj_supplied" />
      <check verb="get" check="check_see_dobj" />
      <check verb="get" check="check_dont_have_dobj" />
      <check verb="get" check="check_dobj_portable" />
      <check verb="kill" check="check_dobj_supplied" />
      <check verb="kill" check="check_see_dobj" />
      <check verb="light" check="check_dobj_supplied" />
      <check verb="light" check="check_have_dobj" />
      <check verb="light" check="check_see_dobj" />
      <check verb="open" check="check_dobj_supplied" />
      <check verb="open" check="check_see_dobj" />
      <check verb="open" check="check_dobj_opnable" />
      <check verb="open" check="check_dobj_unlocked" />
      <check verb="put" check="check_dobj_supplied" />
      <check verb="put" check="check_prep_supplied" />
      <check verb="put" check="check_iobj_supplied" />
      <check verb="put" check="check_not_self_or_child" />
      <check verb="put" check="check_have_dobj" />
      <check verb="put" check="check_see_iobj" />
      <check verb="put" check="check_put" />
      <check verb="talk to" check="check_dobj_supplied" />
      <check verb="talk to" check="check_see_dobj" />
      <check verb="turn on" check="check_dobj_supplied" />
      <check verb="turn on" check="check_see_dobj" />
      <check verb="lock" check="check_dobj_supplied" />
      <check verb="lock" check="check_see_dobj" />
      <check verb="lock" check="check_dobj_lockable" />
      <check verb="unlock" check="check_dobj_supplied" />
      <check verb="unlock" check="check_see_dobj" />
      <check verb="unlock" check="check_dobj_lockable" />
      <check verb="look in" check="check_dobj_supplied" />
      <check verb="look in" check="check_see_dobj" />
      <check verb="wear" check="check_see_dobj" />
      <check verb="wear" check="check_have_dobj" />
      <check verb="wear" check="check_dobj_wearable" />
      <check verb="use" check="check_have_dobj" />
    </checks>
    <sentences>
      <sentence verb="examine" do="*" prep="" io="" type="before" sub="get_portable" />
      <sentence verb="take" do="PLAYER" prep="" io="" type="instead" sub="not_possible" />
      <sentence verb="kill" do="PLAYER" prep="" io="" type="instead" sub="kill_self" />
      <sentence verb="kill" do="*" prep="" io="" type="instead" sub="default_kill" />
      <sentence verb="kill" do="*" prep="with" io="*" type="instead" sub="default_kill" />
      <sentence verb="talk to" do="PLAYER" prep="" io="" type="instead" sub="talk_to_self" />
      <sentence verb="talk to" do="*" prep="" io="" type="instead" sub="default_talk" />
      <sentence verb="listen" do="" prep="" io="" type="instead" sub="listen" />
      <sentence verb="smell" do="" prep="" io="" type="instead" sub="smell" />
      <sentence verb="wait" do="" prep="" io="" type="instead" sub="wait" />
      <sentence verb="yell" do="" prep="" io="" type="instead" sub="yell" />
      <sentence verb="jump" do="" prep="" io="" type="instead" sub="jump" />
      <sentence verb="eat" do="*" prep="" io="" type="instead" sub="default_eat" />
      <sentence verb="drink" do="*" prep="" io="" type="instead" sub="default_drink" />
      <sentence verb="wear" do="*" prep="" io="" type="before" sub="get_portable" />
      <sentence verb="put" do="plank" prep="across" io="chasm" type="instead" sub="bridge_chasm" />
    </sentences>
    <routines>
      <routine name="not_possible">if (dobj == player) { println("Not physically possible.");  } </routine>
      <routine name="get_portable">if (dobj.portable == 1) { if (dobj.holder != player) { println("(Taken)"); dobj.holder = player;}  } </routine>
      <routine name="kill_self">println("If you are experiencing suicidal thoughts you should seek psychiatric help.");</routine>
      <routine name="default_kill">println("Perhaps you should count to 3 and calm down.");</routine>
      <routine name="kill_player">println("***YOU HAVE DIED***.");player.holder=2;
</routine>
      <routine name="talk_to_self">println("Talking to yourself is a sign of impending mental collapse.");</routine>
      <routine name="default_talk">println("That fails to produce an exciting conversation.");</routine>
      <routine name="listen">println("You hear nothing unexpected.");</routine>
      <routine name="smell">println("You smell nothing unexpected.");</routine>
      <routine name="wait">println("Time passes...");</routine>
      <routine name="yell">println("AAAAAAAAAAAAARRRRGGGGGG!");</routine>
      <routine name="jump">println("WHEEEEEE!");</routine>
      <routine name="default_eat">println("That's not part of a healthy diet.");</routine>
      <routine name="default_drink">println("You can't drink that.");</routine>
      <routine name="bridge_chasm">println("You put the plank across the chasm forming a bridge to the north.");
south_of_chasm.n = north_of_chasm;
plank.portable = 0;</routine>
    </routines>
    <events />
    <variables>
      <builtin>
        <var name="dobj" addr="sentence+1" value="0" />
        <var name="iobj" addr="sentence+3" value="0" />
        <var name="score" addr="score" value="0" />
        <var name="moves" addr="moves" value="0" />
        <var name="health" addr="health" value="100" />
        <var name="turnsWithoutLight" addr="turnsWithoutLight" value="0" />
        <var name="gameOver" addr="gameOver" value="0" />
      </builtin>
      <user>
        <var name="plankDown" addr="Lantern" value="0" />
      </user>
    </variables>
  </project>
</xml>