<?xml version="1.0" encoding="utf-8"?>
<xml xmlns:xsi="http://www.w3.org/2001/XMLSchema-instance" xmlns:xsd="http://www.w3.org/2001/XMLSchema">
  <project>
    <projname>Dig_Demo</projname>
    <welcome>This example will show you how to set up a puzzle that involves digging.</welcome>
    <author>Evan Wright</author>
    <version>Version 1.0</version>
    <output>ADVENTUR</output>
    <preps>
      <prep>in</prep>
      <prep>on</prep>
      <prep>at</prep>
      <prep>under</prep>
      <prep>into</prep>
      <prep>inside</prep>
      <prep>through</prep>
      <prep>out</prep>
      <prep>behind</prep>
      <prep>off</prep>
      <prep>up</prep>
      <prep>with</prep>
      <prep>to</prep>
      <prep>off</prep>
      <prep>north</prep>
      <prep>south</prep>
      <prep>east</prep>
      <prep>west</prep>
      <prep>northeast</prep>
      <prep>southeast</prep>
      <prep>northwest</prep>
      <prep>southwest</prep>
      <prep>up</prep>
      <prep>down</prep>
      <prep>about</prep>
    </preps>
    <verbs>
      <builtinverbs>
        <verb>n,go north,north</verb>
        <verb>s,go south,south</verb>
        <verb>e,go east,east</verb>
        <verb>w,go west,west</verb>
        <verb>ne,go northeast,northeast</verb>
        <verb>se,go southeast,southeast</verb>
        <verb>sw,go southwest,southwest</verb>
        <verb>nw,go northwest,northwest</verb>
        <verb>up,go up,u</verb>
        <verb>down,go down,d</verb>
        <verb>enter,go in,go inside,get in</verb>
        <verb>out</verb>
        <verb>go</verb>
        <verb>get,take,grab,pick up</verb>
        <verb>give</verb>
        <verb>inventory,i</verb>
        <verb>kill,attack</verb>
        <verb>drop</verb>
        <verb>light</verb>
        <verb>look,l</verb>
        <verb>examine,x,look at,inspect</verb>
        <verb>look in,search</verb>
        <verb>open</verb>
        <verb>lock</verb>
        <verb>unlock</verb>
        <verb>close,shut</verb>
        <verb>eat</verb>
        <verb>drink</verb>
        <verb>put,place</verb>
        <verb>quit</verb>
        <verb>smell,sniff</verb>
        <verb>listen</verb>
        <verb>wait</verb>
        <verb>climb</verb>
        <verb>yell,scream,shout</verb>
        <verb>jump</verb>
        <verb>talk to</verb>
        <verb>turn on</verb>
        <verb>turn off</verb>
        <verb>wear</verb>
        <verb>save</verb>
        <verb>restore</verb>
        <verb>push,press</verb>
        <verb>read</verb>
        <verb>use</verb>
        <verb>again</verb>
      </builtinverbs>
      <userverbs>
        <verb>dig</verb>
        <verb>dig with</verb>
      </userverbs>
    </verbs>
    <objects>
      <object id="0" holder="0" name="Offscreen" printedname="Offscreen">
        <description>Offscreen.  Move objects here to remove them from the world.</description>
        <initialdescription />
        <directions n="255" s="255" e="255" w="255" ne="255" se="255" sw="255" nw="255" up="255" down="255" in="255" out="255" mass="0" />
        <flags scenery="0" portable="0" container="0" supporter="0" transparent="0" openable="0" open="0" _x0020_="0" wearable="0" emittinglight="0" locked="0" lockable="0" beingworn="0" user1="0" door="0" user2="0" user3="0">
          <User4>0</User4>
        </flags>
        <synonyms names="" />
        <nogo>
          <s />
          <w />
          <ne />
          <nw />
          <e />
          <se />
          <sw />
          <n />
          <up />
          <down />
          <in />
          <out />
        </nogo>
        <backdrop />
      </object>
      <object id="1" holder="2" name="PLAYER" printedname="PLAYER">
        <description>You're a wonderful person. You shouldn't care what you look like.</description>
        <initialdescription />
        <directions n="255" s="255" e="255" w="255" ne="255" se="255" sw="255" nw="255" up="255" down="255" in="255" out="255" mass="0" />
        <flags scenery="0" portable="0" container="0" supporter="0" transparent="0" openable="0" open="0" _x0020_="0" wearable="0" emittinglight="0" locked="0" lockable="0" beingworn="0" user1="0" door="0" user2="0" user3="0">
          <User4>0</User4>
        </flags>
        <synonyms names="ME,SELF" />
        <nogo>
          <in>You can't enter that.</in>
          <out>I don't know which way that is.</out>
        </nogo>
        <backdrop />
      </object>
      <object id="2" holder="0" name="Parking_Lot" printedname="Parking Lot">
        <description>This is a large, asphalt covered parking lot.  To the west, a path leads toward the ocean.</description>
        <initialdescription />
        <directions n="255" s="255" e="255" w="3" ne="255" se="255" sw="255" nw="255" up="255" down="255" in="255" out="255" mass="0" />
        <flags scenery="0" portable="0" container="0" supporter="0" transparent="0" openable="0" open="0" _x0020_="0" wearable="0" emittinglight="1" locked="0" lockable="0" beingworn="0" user1="0" door="0" user2="0" user3="0">
          <User4>0</User4>
        </flags>
        <synonyms />
        <nogo>
          <in>You can't enter that.</in>
          <out>I don't know which way that is.</out>
        </nogo>
        <backdrop />
      </object>
      <object id="3" holder="0" name="Beach" printedname="Beach">
        <description>This is a wide beach that runs north-south.  To the west, the gray-green ocean extends to the horzon. To the east, a path leads to a parking lot.</description>
        <initialdescription />
        <directions n="255" s="255" e="3" w="255" ne="255" se="255" sw="255" nw="255" up="255" down="255" in="255" out="255" mass="0" />
        <flags scenery="0" portable="0" container="0" supporter="0" transparent="0" openable="0" open="0" _x0020_="0" wearable="0" emittinglight="1" locked="0" lockable="0" beingworn="0" user1="0" door="0" user2="0" user3="0">
          <User4>0</User4>
        </flags>
        <synonyms names="" />
        <nogo>
          <in>You can't enter that.</in>
          <out>I don't know which way that is.</out>
        </nogo>
        <backdrop />
      </object>
      <object id="4" holder="2" name="shovel" printedname="shovel">
        <description>This is a small plastic shovel.</description>
        <initialdescription>A small plastic shovel lies on the ground.</initialdescription>
        <directions n="255" s="255" e="255" w="255" ne="255" se="255" sw="255" nw="255" up="255" down="255" in="255" out="255" mass="0" />
        <flags scenery="0" portable="1" container="0" supporter="0" transparent="0" openable="0" open="0" _x0020_="0" wearable="0" emittinglight="0" locked="0" lockable="0" beingworn="0" user1="0" door="0" user2="0" user3="0">
          <User4>0</User4>
        </flags>
        <synonyms />
        <nogo>
          <in>You can't enter that.</in>
          <out>I don't know which way that is.</out>
        </nogo>
        <backdrop />
      </object>
      <object id="5" holder="0" name="diamond_ring" printedname="diamond ring">
        <description>The diamond ring was no doubt lost by an unfortunate beach-goer.</description>
        <initialdescription />
        <directions n="255" s="255" e="255" w="255" ne="255" se="255" sw="255" nw="255" up="255" down="255" in="255" out="255" mass="0" />
        <flags scenery="0" portable="1" container="0" supporter="0" transparent="0" openable="0" open="0" _x0020_="0" wearable="0" emittinglight="0" locked="0" lockable="0" beingworn="0" user1="0" door="0" user2="0" user3="0">
          <User4>0</User4>
        </flags>
        <synonyms names="WEDDING" />
        <nogo>
          <in>You can't enter that.</in>
          <out>I don't know which way that is.</out>
        </nogo>
        <backdrop />
      </object>
      <object id="6" holder="3" name="ocean" printedname="ocean">
        <description>The ocean is calm right.  The tide is slowly rolling out.</description>
        <initialdescription />
        <directions n="255" s="255" e="255" w="255" ne="255" se="255" sw="255" nw="255" up="255" down="255" in="255" out="255" mass="0" />
        <flags scenery="1" portable="0" container="0" supporter="0" transparent="0" openable="0" open="0" _x0020_="0" wearable="0" emittinglight="0" locked="0" lockable="0" beingworn="0" user1="0" door="0" user2="0" user3="0">
          <User4>0</User4>
        </flags>
        <synonyms names="WAVES,SEA" />
        <nogo>
          <in>You can't enter that.</in>
          <out>I don't know which way that is.</out>
        </nogo>
        <backdrop />
      </object>
      <object id="7" holder="3" name="beach3" printedname="beach">
        <description>The beach is the black, volcanic sand commonly found this is area of the tropics.</description>
        <initialdescription />
        <directions n="255" s="255" e="255" w="255" ne="255" se="255" sw="255" nw="255" up="255" down="255" in="255" out="255" mass="0" />
        <flags scenery="1" portable="0" container="0" supporter="0" transparent="0" openable="0" open="0" _x0020_="0" wearable="0" emittinglight="0" locked="0" lockable="0" beingworn="0" user1="0" door="0" user2="0" user3="0">
          <User4>0</User4>
        </flags>
        <synonyms names="SAND" />
        <nogo>
          <in>You can't enter that.</in>
          <out>I don't know which way that is.</out>
        </nogo>
        <backdrop />
      </object>
    </objects>
    <checks>
      <check verb="close" check="check_dobj_supplied" />
      <check verb="drink" check="check_dobj_supplied" />
      <check verb="drink" check="check_have_dobj" />
      <check verb="drop" check="check_dobj_supplied" />
      <check verb="drop" check="check_have_dobj" />
      <check verb="eat" check="check_dobj_supplied" />
      <check verb="enter" check="check_dobj_supplied" />
      <check verb="enter" check="check_see_dobj" />
      <check verb="examine" check="check_dobj_supplied" />
      <check verb="examine" check="check_see_dobj" />
      <check verb="get" check="check_dobj_supplied" />
      <check verb="get" check="check_see_dobj" />
      <check verb="get" check="check_dont_have_dobj" />
      <check verb="get" check="check_dobj_portable" />
      <check verb="kill" check="check_dobj_supplied" />
      <check verb="kill" check="check_see_dobj" />
      <check verb="light" check="check_dobj_supplied" />
      <check verb="light" check="check_have_dobj" />
      <check verb="light" check="check_see_dobj" />
      <check verb="open" check="check_dobj_supplied" />
      <check verb="open" check="check_dobj_opnable" />
      <check verb="open" check="check_dobj_unlocked" />
      <check verb="open" check="check_see_dobj" />
      <check verb="put" check="check_dobj_supplied" />
      <check verb="put" check="check_prep_supplied" />
      <check verb="put" check="check_iobj_supplied" />
      <check verb="put" check="check_not_self_or_child" />
      <check verb="talk to" check="check_dobj_supplied" />
      <check verb="talk to" check="check_see_dobj" />
      <check verb="turn on" check="check_dobj_supplied" />
      <check verb="turn on" check="check_see_dobj" />
      <check verb="lock" check="check_dobj_supplied" />
      <check verb="lock" check="check_see_dobj" />
      <check verb="lock" check="check_dobj_lockable" />
      <check verb="unlock" check="check_dobj_supplied" />
      <check verb="unlock" check="check_see_dobj" />
      <check verb="unlock" check="check_dobj_lockable" />
      <check verb="look in" check="check_dobj_supplied" />
      <check verb="look in" check="check_see_dobj" />
      <check verb="wear" check="check_see_dobj" />
      <check verb="wear" check="check_have_dobj" />
      <check verb="use" check="check_have_dobj" />
      <check verb="enter" check="check_move" />
      <check verb="out" check="check_move" />
    </checks>
    <sentences>
      <sentence verb="examine" do="*" prep="" io="" type="before" sub="get_portable" />
      <sentence verb="take" do="PLAYER" prep="" io="" type="instead" sub="not_possible" />
      <sentence verb="kill" do="PLAYER" prep="" io="" type="instead" sub="kill_self" />
      <sentence verb="kill" do="*" prep="" io="" type="instead" sub="default_kill" />
      <sentence verb="kill" do="*" prep="with" io="*" type="instead" sub="default_kill" />
      <sentence verb="talk to" do="PLAYER" prep="" io="" type="instead" sub="talk_to_self" />
      <sentence verb="talk to" do="*" prep="" io="" type="instead" sub="default_talk" />
      <sentence verb="listen" do="" prep="" io="" type="instead" sub="listen" />
      <sentence verb="smell" do="" prep="" io="" type="instead" sub="smell" />
      <sentence verb="wait" do="" prep="" io="" type="instead" sub="wait" />
      <sentence verb="yell" do="" prep="" io="" type="instead" sub="yell" />
      <sentence verb="jump" do="" prep="" io="" type="instead" sub="jump" />
      <sentence verb="eat" do="*" prep="" io="" type="instead" sub="default_eat" />
      <sentence verb="drink" do="*" prep="" io="" type="instead" sub="default_drink" />
      <sentence verb="wear" do="*" prep="" io="" type="before" sub="get_portable" />
      <sentence verb="dig" do="" prep="" io="" type="instead" sub="dig" />
      <sentence verb="dig with" do="shovel" prep="" io="" type="instead" sub="dig" />
    </sentences>
    <routines>
      <routine name="not_possible">if (dobj == player)
{
     println("Not physically possible.");
} </routine>
      <routine name="get_portable">if (dobj.portable == 1) { if (dobj.holder != player) { println("(Taken)"); dobj.holder = player;}  } </routine>
      <routine name="kill_self">println("If you are experiencing suicidal thoughts you should seek psychiatric help.");</routine>
      <routine name="default_kill">println("Perhaps you should count to 3 and calm down.");</routine>
      <routine name="kill_player">println("***YOU HAVE DIED***.");player.holder=2;
</routine>
      <routine name="talk_to_self">println("Talking to yourself is a sign of impending mental collapse.");</routine>
      <routine name="default_talk">println("That fails to produce an exciting conversation.");</routine>
      <routine name="listen">println("You hear nothing unexpected.");</routine>
      <routine name="smell">println("You smell nothing unexpected.");</routine>
      <routine name="wait">println("Time passes...");</routine>
      <routine name="yell">println("AAAAAAAAAAAAARRRRGGGGGG!");</routine>
      <routine name="jump">println("WHEEEEEE!");</routine>
      <routine name="default_eat">println("That's not part of a healthy diet.");</routine>
      <routine name="default_drink">println("That's not something you can drink.");</routine>
      <routine name="dig">if (shovel.holder == player)
{
     if (player.holder == beach)
     {
          if ( diamond_ring.holder == offscreen )
          {
               println("You find a shiny diamond ring!");
               diamond_ring.holder = player;
          }
          else
          {
               println("You dig, but find nothing.");
          }
     }
     else
     {
          println("You can't dig here.");
     }
}
else
{
     println("You'd need a shovel.");
}</routine>
    </routines>
    <events />
    <variables>
      <builtin>
        <var name="dobj" addr="sentence+1" value="0" />
        <var name="iobj" addr="sentence+3" value="0" />
        <var name="score" addr="score" value="0" />
        <var name="moves" addr="moves" value="0" />
        <var name="health" addr="health" value="100" />
        <var name="turnsWithoutLight" addr="turnsWithoutLight" value="0" />
        <var name="gameOver" addr="gameOver" value="0" />
      </builtin>
      <user />
    </variables>
    <BuildSettings>
      <SprectrumLoadScreen />
      <SpectrumBorder>0</SpectrumBorder>
      <SpectrumPen>7</SpectrumPen>
      <SpectrumPaper>0</SpectrumPaper>
      <BrightPalette>true</BrightPalette>
      <AppleLoadScreen />
    </BuildSettings>
  </project>
</xml>