<?xml version="1.0" encoding="utf-8"?>
<xml xmlns:xsi="http://www.w3.org/2001/XMLSchema-instance" xmlns:xsd="http://www.w3.org/2001/XMLSchema">
  <project>
    <projname>Heinlein_Station3</projname>
    <welcome>Heinlein Station, Phobos, Mars.  It's 2049 and you've overslept.</welcome>
    <author>Evan Wright</author>
    <version>Version 1.0</version>
    <output>heinlein</output>
    <preps>
      <prep>in</prep>
      <prep>on</prep>
      <prep>at</prep>
      <prep>under</prep>
      <prep>into</prep>
      <prep>inside</prep>
      <prep>through</prep>
      <prep>out</prep>
      <prep>behind</prep>
      <prep>off</prep>
      <prep>up</prep>
      <prep>with</prep>
      <prep>to</prep>
      <prep>off</prep>
      <prep>north</prep>
      <prep>south</prep>
      <prep>east</prep>
      <prep>west</prep>
      <prep>up</prep>
      <prep>down</prep>
    </preps>
    <verbs>
      <builtinverbs>
        <verb>n,go north,north</verb>
        <verb>s,go south,south</verb>
        <verb>e,go east,east</verb>
        <verb>w,go west,west</verb>
        <verb>ne,go northeast,northeast</verb>
        <verb>se,go southeast,southeast</verb>
        <verb>sw,go southwest,southwest</verb>
        <verb>nw,go northwest,northwest</verb>
        <verb>up,go up,u</verb>
        <verb>down,go down,d</verb>
        <verb>enter,go in,go into,go inside</verb>
        <verb>out</verb>
        <verb>go</verb>
        <verb>get,take,grab,pick up</verb>
        <verb>give</verb>
        <verb>inventory,i</verb>
        <verb>kill,attack</verb>
        <verb>drop</verb>
        <verb>light</verb>
        <verb>look,l</verb>
        <verb>examine,x,look at,inspect</verb>
        <verb>look in,search</verb>
        <verb>open</verb>
        <verb>lock</verb>
        <verb>unlock</verb>
        <verb>close,shut</verb>
        <verb>eat</verb>
        <verb>drink</verb>
        <verb>put,place</verb>
        <verb>quit</verb>
        <verb>smell,sniff</verb>
        <verb>listen</verb>
        <verb>wait</verb>
        <verb>climb</verb>
        <verb>yell,scream,shout</verb>
        <verb>jump</verb>
        <verb>talk to</verb>
        <verb>turn on</verb>
        <verb>turn off</verb>
        <verb>wear</verb>
        <verb>save</verb>
        <verb>restore</verb>
      </builtinverbs>
      <userverbs>
        <verb>throw</verb>
        <verb>push,press</verb>
        <verb>read</verb>
        <verb>use</verb>
        <verb>ride</verb>
        <verb>again</verb>
      </userverbs>
    </verbs>
    <objects>
      <object id="0" holder="0" name="Offscreen" printedname="Offscreen">
        <description>Offscreen.  Move objects here to remove them from the world.</description>
        <initialdescription />
        <directions n="255" s="255" e="255" w="255" ne="255" se="255" sw="255" nw="255" up="255" down="255" in="255" out="255" mass="0" />
        <flags scenery="0" portable="0" container="0" supporter="0" transparent="0" openable="0" open="0" wearable="0" emittinglight="0" locked="0" lockable="0" beingworn="0" door="0" />
        <synonyms />
        <nogo />
        <backdrop />
      </object>
      <object id="1" holder="3" name="PLAYER" printedname="PLAYER">
        <description>You're a shining example of what a year in low gravity can do to a person.</description>
        <initialdescription />
        <directions n="255" s="255" e="255" w="255" ne="255" se="255" sw="255" nw="255" up="255" down="255" in="255" out="255" mass="0" />
        <flags scenery="0" portable="0" container="0" supporter="0" transparent="0" openable="0" open="0" wearable="0" emittinglight="0" locked="0" lockable="0" beingworn="0" door="0" />
        <synonyms names="ME,SELF" />
        <nogo />
        <backdrop />
      </object>
      <object id="2" holder="0" name="Corridor" printedname="Corridor">
        <description>This a spartan corridor. To west is an airlock. A hallway leads east. Crew quarters are to the south.</description>
        <initialdescription />
        <directions n="255" s="3" e="4" w="7" ne="255" se="255" sw="255" nw="255" up="255" down="255" in="255" out="255" mass="0" />
        <flags emittinglight="1" />
        <synonyms names="" />
        <nogo />
      </object>
      <object id="3" holder="0" name="Quarters" printedname="Quarters">
        <description>These are the quarters where the crew sleeps.  To the north is a hallway.</description>
        <initialdescription />
        <directions n="2" s="255" e="255" w="255" ne="255" se="255" sw="255" nw="255" up="255" down="255" in="255" out="255" mass="0" />
        <flags emittinglight="1" />
        <synonyms names="" />
        <nogo />
      </object>
      <object id="4" holder="0" name="Junction" printedname="Junction">
        <description>Hallways lead west and south. To the east is a turbolift.</description>
        <initialdescription />
        <directions n="255" s="14" e="6" w="2" ne="255" se="255" sw="255" nw="255" up="255" down="255" in="255" out="255" mass="0" />
        <flags scenery="0" emittinglight="1" />
        <synonyms names="" />
        <nogo />
      </object>
      <object id="5" holder="0" name="Turbolift_5" printedname="Turbolift">
        <description>This is a small elevator. A door to the west leads out to a corridor.</description>
        <initialdescription />
        <directions n="255" s="255" e="255" w="4" ne="255" se="255" sw="255" nw="255" up="255" down="255" in="255" out="255" mass="0" />
        <flags scenery="0" container="0" emittinglight="1" />
        <synonyms names="" />
        <nogo />
      </object>
      <object id="6" holder="0" name="Turbolift_6" printedname="Turbolift">
        <description>This is a small elevator. A door to the west leads out to the command center.</description>
        <initialdescription />
        <directions n="255" s="255" e="255" w="10" ne="255" se="255" sw="255" nw="255" up="255" down="255" in="255" out="255" mass="0" />
        <flags container="0" openable="0" emittinglight="1" />
        <synonyms names="" />
        <nogo />
      </object>
      <object id="7" holder="0" name="Airlock_1" printedname="Airlock 1">
        <description>This is an airlock for leaving and entering the command center.  Automatic doors to the east and west maintain pressurization of the facility.</description>
        <initialdescription />
        <directions n="255" s="255" e="2" w="255" ne="255" se="255" sw="255" nw="255" up="255" down="255" in="255" out="255" mass="0" />
        <flags openable="0" emittinglight="1" />
        <synonyms names="" />
        <nogo />
      </object>
      <object id="8" holder="0" name="Airlock_2" printedname="Airlock 2">
        <description>This is an airlock for leaving and entering the science center.  Automatic doors to the east and west maintain pressurization of the facility.</description>
        <initialdescription />
        <directions n="255" s="255" e="9" w="255" ne="255" se="255" sw="255" nw="255" up="255" down="255" in="255" out="255" mass="0" />
        <flags emittinglight="1" />
        <synonyms names="" />
        <nogo />
      </object>
      <object id="9" holder="0" name="Lunar_Surface" printedname="Lunar Surface">
        <description>You are standing on a flat lunar plain between the two space stations.  To the east is the command center.  To the west is the science center.</description>
        <initialdescription />
        <directions n="255" s="255" e="7" w="8" ne="255" se="255" sw="255" nw="255" up="255" down="255" in="255" out="255" mass="0" />
        <flags emittinglight="1" />
        <synonyms names="" />
        <nogo>
          <s>There is nothing worth exploring out that way.</s>
          <w />
          <ne>There is nothing worth exploring out that way.</ne>
          <nw>There is nothing worth exploring out that way.</nw>
          <e />
          <se>There is nothing worth exploring out that way.</se>
          <sw>There is nothing worth exploring out that way.</sw>
          <n>There is nothing worth exploring out that way.</n>
          <up />
          <down />
        </nogo>
      </object>
      <object id="10" holder="0" name="Command_Center" printedname="Command Center">
        <description>This is the command center atop the installation.  From here you have a view of the surrounding terrain.  To the west, across a flat plain, you can see the science station. To the east is a turbo lift.</description>
        <initialdescription />
        <directions n="255" s="255" e="5" w="255" ne="255" se="255" sw="255" nw="255" up="255" down="255" in="255" out="255" mass="0" />
        <flags emittinglight="1" />
        <synonyms names="" />
        <nogo />
      </object>
      <object id="11" holder="0" name="Corridor11" printedname="Corridor">
        <description>There are exits to the north, south, and west.  To the east is an airlock.</description>
        <initialdescription />
        <directions n="12" s="13" e="8" w="34" ne="255" se="255" sw="255" nw="255" up="255" down="255" in="255" out="255" mass="0" />
        <flags emittinglight="1" />
        <synonyms names="" />
        <nogo />
      </object>
      <object id="12" holder="0" name="Chemisty_Lab" printedname="Chemisty Lab">
        <description>A doorway leads south to a hallway.</description>
        <initialdescription />
        <directions n="255" s="11" e="255" w="255" ne="255" se="255" sw="255" nw="255" up="255" down="255" in="255" out="255" mass="0" />
        <flags emittinglight="1" />
        <synonyms names="" />
        <nogo />
      </object>
      <object id="13" holder="0" name="Electronics_lab" printedname="Electronics lab">
        <description>This is room is where the technicians repair and enhance the station's electronics. To the north is a corridor.</description>
        <initialdescription />
        <directions n="11" s="255" e="255" w="255" ne="255" se="255" sw="255" nw="255" up="255" down="255" in="255" out="255" mass="0" />
        <flags emittinglight="1" />
        <synonyms names="" />
        <nogo />
      </object>
      <object id="14" holder="0" name="Corridor14" printedname="Corridor">
        <description>This is the south end of a corridor. To the north is a junction.</description>
        <initialdescription />
        <directions n="4" s="255" e="255" w="255" ne="255" se="255" sw="255" nw="255" up="255" down="255" in="255" out="255" mass="0" />
        <flags emittinglight="1" />
        <synonyms names="" />
        <nogo />
      </object>
      <object id="15" holder="0" name="giant_space_slug" printedname="giant space slug">
        <description>The large, highly toxic slug, must have snuck in as the airlock was closing behind you.</description>
        <initialdescription>A giant space slug blocks the way east!</initialdescription>
        <directions n="255" s="255" e="255" w="255" ne="255" se="255" sw="255" nw="255" up="255" down="255" in="255" out="255" mass="0" />
        <flags portable="0" supporter="1" wearable="0" emittinglight="0" />
        <synonyms names="" />
        <nogo />
      </object>
      <object id="16" holder="3" name="bunk" printedname="bunk">
        <description>You notice nothing unexpected.</description>
        <initialdescription />
        <directions n="255" s="255" e="255" w="255" ne="255" se="255" sw="255" nw="255" up="255" down="255" in="255" out="255" mass="0" />
        <flags scenery="1" supporter="0" emittinglight="0" />
        <synonyms names="BED,BUNKS" />
        <nogo />
      </object>
      <object id="17" holder="0" name="unusedbutton1" printedname="unusedbutton1">
        <description>You notice nothing unexpected.</description>
        <initialdescription />
        <directions n="255" s="255" e="255" w="255" ne="255" se="255" sw="255" nw="255" up="255" down="255" in="255" out="255" mass="0" />
        <flags scenery="0" supporter="0" />
        <synonyms names="" />
        <nogo />
      </object>
      <object id="18" holder="9" name="science_station" printedname="science station">
        <description>The science station is comprised on several modules joined together to form a small complex.</description>
        <initialdescription />
        <directions n="255" s="255" e="255" w="255" ne="255" se="255" sw="255" nw="255" up="255" down="255" in="255" out="255" mass="0" />
        <flags scenery="1" />
        <synonyms names="" />
        <nogo />
      </object>
      <object id="19" holder="7" name="button19" printedname="button">
        <description>You notice nothing unexpected.</description>
        <initialdescription>There is a large button on the wall next to the exterior door.</initialdescription>
        <directions n="255" s="255" e="255" w="255" ne="255" se="255" sw="255" nw="255" up="255" down="255" in="255" out="255" mass="0" />
        <flags />
        <synonyms names="" />
        <nogo />
      </object>
      <object id="20" holder="7" name="placard20" printedname="placard">
        <description>The placard reads 'Press button to activate airlock.'</description>
        <initialdescription>Above the button is a small placard.</initialdescription>
        <directions n="255" s="255" e="255" w="255" ne="255" se="255" sw="255" nw="255" up="255" down="255" in="255" out="255" mass="0" />
        <flags />
        <synonyms names="" />
        <nogo />
      </object>
      <object id="21" holder="8" name="button21" printedname="button">
        <description>You notice nothing unexpected.</description>
        <initialdescription>There is a large button on the wall next to the exterior door.</initialdescription>
        <directions n="255" s="255" e="255" w="255" ne="255" se="255" sw="255" nw="255" up="255" down="255" in="255" out="255" mass="0" />
        <flags emittinglight="0" />
        <synonyms names="" />
        <nogo />
      </object>
      <object id="22" holder="8" name="placard22" printedname="placard">
        <description>The placard reads 'Press button to activate airlock.'</description>
        <initialdescription>Above the button is a small placard.</initialdescription>
        <directions n="255" s="255" e="255" w="255" ne="255" se="255" sw="255" nw="255" up="255" down="255" in="255" out="255" mass="0" />
        <flags container="0" openable="0" open="0" />
        <synonyms names="" />
        <nogo />
      </object>
      <object id="23" holder="10" name="panel" printedname="panel">
        <description>The panel is labeled 'COMMUNICATIONS'.</description>
        <initialdescription>Embedded in one of the consoles in an access panel.</initialdescription>
        <directions n="255" s="255" e="255" w="255" ne="255" se="255" sw="255" nw="255" up="255" down="255" in="255" out="255" mass="0" />
        <flags portable="0" container="1" openable="1" open="0" emittinglight="0" />
        <synonyms names="" />
        <nogo />
      </object>
      <object id="24" holder="23" name="s_100_slot" printedname="S-100 slot">
        <description>The slot is designed to accept state of the art S-100 expansion cards.</description>
        <initialdescription />
        <directions n="255" s="255" e="255" w="255" ne="255" se="255" sw="255" nw="255" up="255" down="255" in="255" out="255" mass="0" />
        <flags scenery="0" container="1" openable="0" open="1" />
        <synonyms names="" />
        <nogo />
      </object>
      <object id="25" holder="10" name="subspace_radio25" printedname="subspace radio">
        <description>The subspace radio was manufactured by Radio Shack in the late 1980s.  To use the radio, try 'use radio'.</description>
        <initialdescription />
        <directions n="255" s="255" e="255" w="255" ne="255" se="255" sw="255" nw="255" up="255" down="255" in="255" out="255" mass="0" />
        <flags portable="0" container="0" openable="0" open="0" emittinglight="0" />
        <synonyms names="" />
        <nogo />
      </object>
      <object id="26" holder="12" name="jar" printedname="jar">
        <description>The jar is labeled NaCL.</description>
        <initialdescription />
        <directions n="255" s="255" e="255" w="255" ne="255" se="255" sw="255" nw="255" up="255" down="255" in="255" out="255" mass="0" />
        <flags scenery="0" portable="1" container="1" openable="1" />
        <synonyms names="" />
        <nogo />
      </object>
      <object id="27" holder="26" name="small_white_cube" printedname="small white cube">
        <description>The cube is about 1cm square.</description>
        <initialdescription />
        <directions n="255" s="255" e="255" w="255" ne="255" se="255" sw="255" nw="255" up="255" down="255" in="255" out="255" mass="0" />
        <flags scenery="0" portable="1" container="0" openable="0" />
        <synonyms names="SALT" />
        <nogo />
      </object>
      <object id="28" holder="13" name="workbench" printedname="workbench">
        <description>You notice nothing unexpected.</description>
        <initialdescription />
        <directions n="255" s="255" e="255" w="255" ne="255" se="255" sw="255" nw="255" up="255" down="255" in="255" out="255" mass="0" />
        <flags scenery="1" portable="0" />
        <synonyms names="" />
        <nogo />
      </object>
      <object id="29" holder="13" name="comm_board" printedname="comm board">
        <description>This communications board was designed with the latest S-100 bus technology.</description>
        <initialdescription>A comm board sits on a workbench.</initialdescription>
        <directions n="255" s="255" e="255" w="255" ne="255" se="255" sw="255" nw="255" up="255" down="255" in="255" out="255" mass="0" />
        <flags scenery="0" portable="1" container="0" openable="0" open="0" />
        <synonyms names="" />
        <nogo />
      </object>
      <object id="30" holder="14" name="storage_locker" printedname="storage locker">
        <description>You notice nothing unexpected.</description>
        <initialdescription />
        <directions n="255" s="255" e="255" w="255" ne="255" se="255" sw="255" nw="255" up="255" down="255" in="255" out="255" mass="0" />
        <flags portable="0" container="1" openable="1" wearable="0" />
        <synonyms names="" />
        <nogo />
      </object>
      <object id="31" holder="30" name="space_suit" printedname="space suit">
        <description>The gray space suit is used for mission outside the station.</description>
        <initialdescription />
        <directions n="255" s="255" e="255" w="255" ne="255" se="255" sw="255" nw="255" up="255" down="255" in="255" out="255" mass="0" />
        <flags portable="1" container="0" openable="0" wearable="1" />
        <synonyms names="" />
        <nogo />
      </object>
      <object id="32" holder="3" name="note" printedname="note">
        <description>The note reads, 'Hey, bud. The mission to bring us back to Earth arrived, but there wasn't enough room for both you and the commander's huge collection of 5.25 floppy disks. You were asleep anyway and we didn't want to wake you. Sorry. - Neil'</description>
        <initialdescription>A note, apparently shoved under your door, lies on the ground.</initialdescription>
        <directions n="255" s="255" e="255" w="255" ne="255" se="255" sw="255" nw="255" up="255" down="255" in="255" out="255" mass="0" />
        <flags scenery="0" portable="1" container="0" supporter="0" transparent="0" openable="0" open="0" wearable="0" emittinglight="0" locked="0" lockable="0" beingworn="0" door="0" />
        <synonyms />
        <nogo />
        <backdrop />
      </object>
      <object id="33" holder="0" name="slurm_can" printedname="slurm can">
        <description>The green and yellow label says. 'It's highly addictive!'</description>
        <initialdescription />
        <directions n="255" s="255" e="255" w="255" ne="255" se="255" sw="255" nw="255" up="255" down="255" in="255" out="255" mass="0" />
        <flags scenery="0" portable="1" container="0" supporter="0" transparent="0" openable="0" open="0" wearable="0" emittinglight="0" locked="0" lockable="0" beingworn="0" door="0" user3="1" />
        <synonyms />
        <nogo />
        <backdrop />
      </object>
      <object id="34" holder="0" name="Laundrybrig" printedname="Laundrybrig">
        <description>This is the station's laundry facility, which can in an emergency, serve as a brig. To the east is a corridor.</description>
        <initialdescription />
        <directions n="255" s="255" e="11" w="255" ne="255" se="255" sw="255" nw="255" up="255" down="255" in="255" out="255" mass="0" />
        <flags scenery="0" portable="0" container="0" supporter="0" transparent="0" openable="0" open="0" _x0020_="0" wearable="0" emittinglight="1" locked="0" lockable="0" beingworn="0" user1="0" door="0" user2="0" />
        <synonyms />
        <nogo />
        <backdrop />
      </object>
      <object id="35" holder="9" name="command_center35" printedname="command center">
        <description>The command center is a two level structure housing the sleeping quarters a command center.</description>
        <initialdescription />
        <directions n="255" s="255" e="255" w="255" ne="255" se="255" sw="255" nw="255" up="255" down="255" in="255" out="255" mass="0" />
        <flags scenery="1" portable="0" container="0" supporter="0" transparent="0" openable="0" open="0" _x0020_="0" wearable="0" emittinglight="0" locked="0" lockable="0" beingworn="0" user1="0" door="0" user2="0" />
        <synonyms />
        <nogo />
        <backdrop />
      </object>
      <object id="36" holder="34" name="Kenmore_washer_dryer" printedname="Kenmore washer dryer">
        <description>This is your standard front loading clothes dryer. Great for keeping your unifiorm clean, and its original drab gray.</description>
        <initialdescription />
        <directions n="255" s="255" e="255" w="255" ne="255" se="255" sw="255" nw="255" up="255" down="255" in="255" out="255" mass="0" />
        <flags scenery="0" portable="0" container="1" supporter="0" transparent="0" openable="1" open="0" _x0020_="0" wearable="0" emittinglight="0" locked="0" lockable="0" beingworn="0" user1="0" door="0" user2="0" />
        <synonyms />
        <nogo />
        <backdrop />
      </object>
      <object id="37" holder="36" name="pair_of_underwear" printedname="pair of underwear">
        <description>The underwear has the number 6502 written on the waistband in sharpie.</description>
        <initialdescription />
        <directions n="255" s="255" e="255" w="255" ne="255" se="255" sw="255" nw="255" up="255" down="255" in="255" out="255" mass="0" />
        <flags scenery="0" portable="1" container="0" supporter="0" transparent="0" openable="0" open="0" _x0020_="0" wearable="1" emittinglight="0" locked="0" lockable="0" beingworn="0" user1="0" door="0" user2="0" />
        <synonyms />
        <nogo />
        <backdrop />
      </object>
    </objects>
    <checks>
      <check verb="close" check="check_dobj_supplied" />
      <check verb="drink" check="check_dobj_supplied" />
      <check verb="drink" check="check_have_dobj" />
      <check verb="drop" check="check_dobj_supplied" />
      <check verb="drop" check="check_have_dobj" />
      <check verb="eat" check="check_dobj_supplied" />
      <check verb="enter" check="check_dobj_supplied" />
      <check verb="examine" check="check_dobj_supplied" />
      <check verb="examine" check="check_see_dobj" />
      <check verb="get" check="check_dobj_supplied" />
      <check verb="get" check="check_see_dobj" />
      <check verb="get" check="check_dont_have_dobj" />
      <check verb="get" check="check_dobj_portable" />
      <check verb="kill" check="check_dobj_supplied" />
      <check verb="kill" check="check_see_dobj" />
      <check verb="light" check="check_dobj_supplied" />
      <check verb="light" check="check_have_dobj" />
      <check verb="light" check="check_see_dobj" />
      <check verb="open" check="check_dobj_supplied" />
      <check verb="open" check="check_see_dobj" />
      <check verb="open" check="check_dobj_opnable" />
      <check verb="open" check="check_dobj_unlocked" />
      <check verb="put" check="check_dobj_supplied" />
      <check verb="put" check="check_prep_supplied" />
      <check verb="put" check="check_iobj_supplied" />
      <check verb="put" check="check_see_dobj" />
      <check verb="put" check="check_see_iobj" />
      <check verb="put" check="check_not_self_or_child" />
      <check verb="put" check="check_put" />
      <check verb="talk to" check="check_dobj_supplied" />
      <check verb="talk to" check="check_see_dobj" />
      <check verb="turn on" check="check_dobj_supplied" />
      <check verb="turn on" check="check_see_dobj" />
      <check verb="unlock" check="check_dobj_supplied" />
      <check verb="look in" check="check_dobj_supplied" />
      <check verb="look in" check="check_see_dobj" />
      <check verb="wear" check="check_see_dobj" />
      <check verb="ride" check="check_see_dobj" />
      <check verb="lock" check="check_dobj_lockable" />
      <check verb="unlock" check="check_dobj_lockable" />
      <check verb="wear" check="check_dobj_wearable" />
      <check verb="smell,sniff" check="check_dobj_supplied" />
      <check verb="smell,sniff" check="check_see_dobj" />
    </checks>
    <sentences>
      <sentence verb="examine" do="*" prep="" io="" type="before" sub="get_portable" />
      <sentence verb="take" do="PLAYER" prep="" io="" type="instead" sub="not_possible" />
      <sentence verb="kill" do="PLAYER" prep="" io="" type="instead" sub="kill_self" />
      <sentence verb="kill" do="*" prep="" io="" type="instead" sub="default_kill" />
      <sentence verb="kill" do="*" prep="with" io="*" type="instead" sub="default_kill" />
      <sentence verb="talk to" do="PLAYER" prep="" io="" type="instead" sub="talk_to_self" />
      <sentence verb="talk to" do="*" prep="" io="" type="instead" sub="default_talk" />
      <sentence verb="listen" do="" prep="" io="" type="instead" sub="listen" />
      <sentence verb="smell" do="" prep="" io="" type="instead" sub="smell" />
      <sentence verb="wait" do="" prep="" io="" type="instead" sub="wait" />
      <sentence verb="yell" do="" prep="" io="" type="instead" sub="yell" />
      <sentence verb="jump" do="" prep="" io="" type="instead" sub="jump" />
      <sentence verb="eat" do="*" prep="" io="" type="instead" sub="default_eat" />
      <sentence verb="drink" do="*" prep="" io="" type="instead" sub="default_drink" />
      <sentence verb="wear" do="*" prep="" io="" type="before" sub="get_portable" />
      <sentence verb="push" do="button17" prep="" io="" type="instead" sub="go_up" />
      <sentence verb="push" do="button18" prep="" io="" type="instead" sub="go_down" />
      <sentence verb="push" do="button19" prep="" io="" type="instead" sub="use_airlock1" />
      <sentence verb="push" do="button21" prep="" io="" type="instead" sub="use_airlock2" />
      <sentence verb="throw" do="small_white_cube" prep="at" io="giant_space_slug" type="instead" sub="kill_slug" />
      <sentence verb="put" do="*" prep="in" io="s_100_slot" type="instead" sub="bad_slot" />
      <sentence verb="put" do="*" prep="in" io="panel" type="instead" sub="wont_fit" />
      <sentence verb="use" do="subspace_radio25" prep="" io="" type="instead" sub="use_radio" />
      <sentence verb="put" do="comm_board" prep="in" io="s_100_slot" type="instead" sub="put_board" />
      <sentence verb="e" do="" prep="" io="" type="instead" sub="go_east" />
      <sentence verb="throw" do="*" prep="at" io="giant_space_slug" type="instead" sub="throw_any" />
      <sentence verb="throw" do="*" prep="" io="" type="instead" sub="throw_any" />
      <sentence verb="read" do="note" prep="" io="" type="instead" sub="read_note" />
      <sentence verb="ride" do="giant_space_slug" prep="" io="" type="instead" sub="ride_slug" />
      <sentence verb="w" do="" prep="" io="" type="instead" sub="go_west" />
      <sentence verb="read" do="placard20" prep="" io="" type="instead" sub="read_placard" />
      <sentence verb="read" do="placard22" prep="" io="" type="instead" sub="read_placard" />
      <sentence verb="put" do="small_white_cube" prep="on" io="giant_space_slug" type="instead" sub="kill_slug" />
      <sentence verb="wear" do="pair_of_underwear" prep="" io="" type="instead" sub="wear_underwr" />
      <sentence verb="kill" do="giant_space_slug" prep="" io="" type="instead" sub="try_kill" />
      <sentence verb="e" do="" prep="" io="" type="after" sub="after_go_e" />
      <sentence verb="smell" do="pair_of_underwear" prep="" io="" type="instead" sub="smell_underwear" />
      <sentence verb="smell" do="*" prep="" io="" type="instead" sub="dlft_smell" />
    </sentences>
    <routines>
      <routine name="not_possible">if (dobj == player)
{
     println("Not physically possible.");
} </routine>
      <routine name="get_portable">if (dobj.portable == 1)
{
     if (dobj.holder != player)
     {
          println("(Taken)");
          dobj.holder = player;
     }
} </routine>
      <routine name="kill_self">println("If you are experiencing suicidal thoughts you should seek psychiatric help.");</routine>
      <routine name="default_kill">println("Perhaps you should count to 3 and calm down.");
</routine>
      <routine name="kill_player">println("***YOU HAVE DIED***.");
player.holder=2;
</routine>
      <routine name="talk_to_self">println("Talking to yourself is a sign of impending mental collapse.");
</routine>
      <routine name="default_talk">println("That fails to produce an exciting conversation.");
</routine>
      <routine name="listen">println("You hear nothing unexpected.");
</routine>
      <routine name="smell">println("You smell nothing unexpected.");
</routine>
      <routine name="wait">println("Time passes...");
</routine>
      <routine name="yell">println("AAAAAAAAAAAAARRRRGGGGGG!");
</routine>
      <routine name="jump">println("You waste time bouncing around in the low gravity for a while.");
</routine>
      <routine name="default_eat">println("That's not part of a healthy diet.");
</routine>
      <routine name="default_drink">println("That's not something you can drink.");
</routine>
      <routine name="use_airlock1">if (airlock1Open == 0)
{
     println("A computerized voice says, 'WARNING: DEPRESSSURIZING AIRLOCK'");
     println("The exterior door to the west opens and the interrior door to east closes.");
     airlock1Open = 1;
     airlock_1.w = lunar_surface;
     airlock_1.e = 255;
}
else
{
     println("A computerized voice says, 'RESTORING ATMOSPHERIC PRESSURE'");
     println("The exterior door to the west closes and the interrior door to east opens.");
     airlock1Open = 0;
     airlock_1.w = 255;
     airlock_1.e = 2;
}</routine>
      <routine name="go_down" />
      <routine name="go_up" />
      <routine name="kill_slug">println("The slug explodes in a violent maelstrom of squishy goo.");
slugKilled = 1;
score = score + 20;
giant_space_slug.holder = offscreen;
small_white_cube.holder = offscreen;
</routine>
      <routine name="use_airlock2">if (airlock2Open == 0)
{
     println("A computerized voice says, 'WARNING: DEPRESSSURIZING AIRLOCK'");
     println("The exterior door to the east opens and the interrior door to west closes.");
     airlock2Open = 1;
     airlock_2.e = lunar_surface;
     airlock_1.w = 255;
}
else
{
     println("A computerized voice says, 'RESTORING ATMOSPHERIC PRESSURE'");
     println("The exterior door to the east closes and the interrior door to west opens.");
     airlock2Open = 0;
     airlock_2.w = 11;
     airlock_2.e = 255;
}</routine>
      <routine name="use_radio">if (radioWorks == 1)
{
     if (score &lt; 100)
     {
     println("*BEEP*");
     println("Enter access code:");
     ask();
     if (answer=="6502")
    {
          if (score &lt; 100)
          {
               println("Using the radio you are able to contact Earth. Though a rescue mission will take some to mount, you will no doubt survive.");
               println("***CONGRATULATIONS***");
               score = 100;
          }
     
     }
     else
     {
          println("The radio beeps and prints the message 'AUTHORIZATION ERROR'");
     }
}
     else
          {
               println("You've already won.");
          }     
}
else
{
     println("The radio beeps and displays the message 'COMM BOARD FAILURE'.");
}</routine>
      <routine name="bad_slot">println("The slot is design to hold only expansion boards using S-100 technology.");
</routine>
      <routine name="wont_fit">println("It won't fit.");
</routine>
      <routine name="put_board">println("The board snaps neatly into the slot.");
comm_board.holder = s_100_slot;
</routine>
      <routine name="go_east">if (player.holder == junction &amp;&amp; giant_space_slug.holder == junction)
{
     println("The highly toxic slug blocks your way.");
}
else if (player.holder == airlock_1 &amp;&amp; airlock_1.e == 255)
{
     println("The inner airlock door is closed.");
}
else if (player.holder == airlock_2 &amp;&amp; airlock_2.e == 255)
{
     println("The outer airlock door is closed.");
}
else
{
      if (player.holder == junction)
     {
              println("The not-so-turbolift slowly ascends.");
               move();
      }
      else if (player.holder == command_center)
       {
              println("The turbolift slowly descends.");
               move();
       }
     else
     {
     move();
     }
}</routine>
      <routine name="throw_any">println("It lands on the ground.");
dobj.holder = player.holder;
</routine>
      <routine name="read_note">println("The note reads, 'Hey, bud. The mission to bring us back to Earth arrived, but there wasn't enough room for both you and the commander's huge collection of 5.25'' floppy disks. You were asleep anyway and we didn't want to wake you. Sorry. - Neil'");
</routine>
      <routine name="ride_slug">if (space_suit.beingworn == 0)
{
     println("Oh, wait.  Did I mention the slug was highly toxic?  I think I did.");
     println("Touching the slug results in severe hallucinations.");
     println("You wake up face down in your quarters.");
     player.holder = quarters;
}
else
{
     println("YEEEEEHAAAAAA.");
     println("That was some serious slow motion fun.");
}</routine>
      <routine name="go_west">if (player.holder  == airlock_1 &amp;&amp; airlock_1.w == 255)
{
     println("The exterior airlock door is closed.");
}
else if (player.holder  == airlock_2 &amp;&amp; airlock_2.w == 255)
{
     println("The interior airlock door is closed.");
}
else
{
     move();
}
</routine>
      <routine name="read_placard">println("The placard reads 'Press button to activate airlock.'");
</routine>
      <routine name="wear_underwr">println("Wearing someone else's underwear is pretty gross.");</routine>
      <routine name="try_kill">println("You'll have to be more specific."); </routine>
      <routine name="after_go_e" />
      <routine name="smell_underwear">println("Nope.");</routine>
      <routine name="dlft_smell">println("You smell nothing unexpected.");</routine>
    </routines>
    <events>
      <event name="no_air_death">if  (  (player.holder == airlock_1 &amp;&amp; airlock_1.w != 255) || (player.holder == airlock_2 &amp;&amp; airlock_1.e != 255) || player.holder == lunar_surface)
{
     if (space_suit.beingworn == 0)
     {
          println("***YOU HAVE SUFFOCATED***");
          player.holder = 2;
          space_suit.holder = storage_locker;
          airlock1Open = 0;
          airlock2Open = 1;
          airlock_1.w = 255;
          airlock_1.e = 2;
          airlock_2.w = 255;
          airlock_2.e = lunar_surface;
          look();
     }
}</event>
      <event name="move_slug">if (player.holder == 11 &amp;&amp; slugKilled == 0)
{
     giant_space_slug.holder = junction;
     println("A computerized voice says, 'WARNING: UNAUTHORIZED ACCESS TO COMMAND STATION'");
}</event>
      <event name="check_radio">if (comm_board.holder == s_100_slot)
{
     radioWorks = 1;
}
else
{
     radioWorks = 0;
}
</event>
    </events>
    <variables>
      <builtin>
        <var name="dobj" addr="sentence+1" value="0" />
        <var name="iobj" addr="sentence+3" value="0" />
        <var name="score" addr="score" value="0" />
        <var name="moves" addr="moves" value="0" />
        <var name="health" addr="health" value="100" />
        <var name="turnsWithoutLight" addr="turnsWithoutLight" value="0" />
        <var name="gameOver" addr="gameOver" value="0" />
        <var name="answer" addr="answer" value="0" />
      </builtin>
      <user>
        <var name="airlock1Open" addr="Lantern" value="0" />
        <var name="airlock2Open" addr="Lantern" value="1" />
        <var name="slugKilled" addr="Lantern" value="0" />
        <var name="radioWorks" addr="Lantern" value="0" />
      </user>
    </variables>
    <walkthrough>n,e,s,open locker,take suit,wear suit,n,w,w,push button,w,w,push button,w,s,take board,n,n,open jar,take cube,s,e,push button,e,e,push button,e,e,throw salt at slug,e,push button,w,open panel,put board in slot,use radio</walkthrough>
  </project>
</xml>