<?xml version="1.0" encoding="utf-8"?>
<xml xmlns:xsi="http://www.w3.org/2001/XMLSchema-instance" xmlns:xsd="http://www.w3.org/2001/XMLSchema">
  <project>
    <projname>Prison_Escape</projname>
    <welcome>Welcome to Jailbreak.  Having been wrongfully convicted of jaywalking, you are now an inmate at one of America's most notorious prisons.  One day you awaken to find that your cell-mate, has escaped.  See if you can escape, too.</welcome>
    <author>Evan Wright</author>
    <version>version 1.0</version>
    <output>jailbrk</output>
    <preps>
      <prep>in</prep>
      <prep>on</prep>
      <prep>at</prep>
      <prep>under</prep>
      <prep>into</prep>
      <prep>inside</prep>
      <prep>through</prep>
      <prep>out</prep>
      <prep>behind</prep>
      <prep>off</prep>
      <prep>up</prep>
      <prep>with</prep>
      <prep>to</prep>
    </preps>
    <verbs>
      <builtinverbs>
        <verb>n,go north,north</verb>
        <verb>s,go south,south</verb>
        <verb>e,go east,east</verb>
        <verb>w,go west,west</verb>
        <verb>ne,go northeast,northeast</verb>
        <verb>se,go southeast,southeast</verb>
        <verb>sw,go southwest,southwest</verb>
        <verb>nw,go northwest,northwest</verb>
        <verb>up,go up,u</verb>
        <verb>down,go down,d</verb>
        <verb>enter,go in,go into,go inside,get in</verb>
        <verb>out</verb>
        <verb>get,take,grab,pick up</verb>
        <verb>inventory,i</verb>
        <verb>kill</verb>
        <verb>drop</verb>
        <verb>light</verb>
        <verb>look,l</verb>
        <verb>examine,x,look at,inspect</verb>
        <verb>look in,search</verb>
        <verb>open</verb>
        <verb>lock</verb>
        <verb>unlock</verb>
        <verb>close,shut</verb>
        <verb>eat</verb>
        <verb>drink</verb>
        <verb>put,place</verb>
        <verb>quit</verb>
        <verb>smell,sniff</verb>
        <verb>listen</verb>
        <verb>wait</verb>
        <verb>climb</verb>
        <verb>yell,scream,shout</verb>
        <verb>jump</verb>
        <verb>talk to</verb>
        <verb>turn on</verb>
        <verb>wear</verb>
        <verb>save</verb>
        <verb>restore</verb>
      </builtinverbs>
      <userverbs>
        <verb>feed</verb>
        <verb>give</verb>
        <verb>pet</verb>
        <verb>read</verb>
        <verb>kick</verb>
        <verb>look behind</verb>
        <verb>punch,hit</verb>
        <verb>hide in</verb>
        <verb>hide</verb>
        <verb>slap</verb>
        <verb>tickle</verb>
        <verb>poke</verb>
        <verb>score</verb>
      </userverbs>
    </verbs>
    <objects>
      <object id="0" holder="0" name="OFFSCREEN" printedname="offscreen">
        <description>Offstage.  Move objects here to remove them from the world.</description>
        <initialdescription />
        <directions n="255" s="255" e="255" w="255" ne="255" se="255" sw="255" nw="255" up="255" down="255" in="255" out="255" mass="0" />
        <flags scenery="0" portable="0" container="0" supporter="0" transparent="0" openable="0" open="0" _x0020_="0" wearable="0" emittinglight="0" locked="0" lockable="0" beingworn="0" user1="0" door="0" user2="0" user3="0" user4="0" />
        <synonyms names="" />
        <nogo>
          <s />
          <w />
          <ne />
          <nw />
          <e />
          <se />
          <sw />
          <n />
          <up />
          <down />
          <in />
          <out />
        </nogo>
        <backdrop />
      </object>
      <object id="1" holder="2" name="PLAYER" printedname="player">
        <description>You're a wonderful person. You shouldn't care what you look like.</description>
        <initialdescription />
        <directions n="255" s="255" e="255" w="255" ne="255" se="255" sw="255" nw="255" up="255" down="255" in="255" out="255" mass="0" />
        <flags scenery="0" portable="0" container="0" supporter="0" transparent="0" openable="0" open="0" _x0020_="0" wearable="0" emittinglight="0" locked="0" lockable="0" beingworn="0" user1="0" door="0" user2="0" user3="0" user4="0" />
        <synonyms names="ME,SELF" />
        <nogo>
          <in>You can't enter that.</in>
          <out>I don't know which way that is.</out>
        </nogo>
        <backdrop />
      </object>
      <object id="2" holder="0" name="Cell_24" printedname="Cell 24">
        <description>This is a filthy jail cell. There is a door to the east which leads to a hallway.</description>
        <initialdescription />
        <directions n="255" s="255" e="255" w="255" ne="255" se="255" sw="255" nw="255" up="255" down="255" in="255" out="255" mass="0" />
        <flags scenery="0" portable="0" container="0" supporter="0" transparent="0" openable="0" open="0" _x0020_="0" wearable="0" emittinglight="1" locked="0" lockable="0" beingworn="0" user1="0" door="0" user2="0" user3="0" user4="0" />
        <synonyms names="" />
        <nogo>
          <s />
          <w />
          <ne />
          <nw />
          <e />
          <se />
          <sw />
          <n />
          <up />
          <down />
          <in>You can't enter that.</in>
          <out>I don't know which way that is.</out>
        </nogo>
        <backdrop />
      </object>
      <object id="3" holder="0" name="ESCAPE_TUNNEL" printedname="Escape Tunnel">
        <description>You are in a narrow escape tunnel which was apparently carved out over many years. It leads up into an airshaft, and east into cell 24.</description>
        <initialdescription />
        <directions n="255" s="255" e="2" w="255" ne="255" se="255" sw="255" nw="255" up="6" down="255" in="255" out="255" mass="0" />
        <flags scenery="0" portable="0" container="0" supporter="0" transparent="0" openable="0" open="0" _x0020_="0" wearable="0" emittinglight="1" locked="0" lockable="0" beingworn="0" user1="0" door="0" user2="0" user3="0" user4="0" />
        <synonyms />
        <nogo>
          <e />
          <up />
          <in />
          <out>I don't know which way that is.</out>
        </nogo>
        <backdrop />
      </object>
      <object id="4" holder="0" name="FAN_BLADES" printedname="fan blades">
        <description>As the giant fan blades chop you into little bits, your last move seems, in retrospect, to have been a bad idea.</description>
        <initialdescription />
        <directions n="255" s="255" e="255" w="255" ne="255" se="255" sw="255" nw="255" up="255" down="255" in="255" out="255" mass="0" />
        <flags scenery="0" portable="0" container="0" supporter="0" transparent="0" openable="0" open="0" _x0020_="0" wearable="0" emittinglight="1" locked="0" lockable="0" beingworn="0" user1="0" door="0" user2="0" user3="0" user4="0" />
        <synonyms />
        <nogo>
          <in>You can't enter that.</in>
          <out>I don't know which way that is.</out>
        </nogo>
        <backdrop />
      </object>
      <object id="5" holder="0" name="JUNCTION" printedname="Junction">
        <description>You are in a 't' shaped junction in the ventilation shaft. The air ducts lead east, west, and south</description>
        <initialdescription />
        <directions n="255" s="6" e="7" w="22" ne="255" se="255" sw="255" nw="255" up="255" down="255" in="255" out="255" mass="0" />
        <flags scenery="0" portable="0" container="0" supporter="0" transparent="0" openable="0" open="0" _x0020_="0" wearable="0" emittinglight="1" locked="0" lockable="0" beingworn="0" user1="0" door="0" user2="0" user3="0" user4="0" />
        <synonyms />
        <nogo>
          <in>You can't enter that.</in>
          <out>I don't know which way that is.</out>
        </nogo>
        <backdrop />
      </object>
      <object id="6" holder="0" name="AIRSHAFT" printedname="Airshaft">
        <description>You are in an aluminum north-south running air shaft. To the south, you can hear the swooshing sound of fan blades forcing air through the prison ventilation system. The shaft leads down into the escape tunnel.</description>
        <initialdescription />
        <directions n="5" s="4" e="255" w="255" ne="255" se="255" sw="255" nw="255" up="255" down="3" in="255" out="255" mass="0" />
        <flags scenery="0" portable="0" container="0" supporter="0" transparent="0" openable="0" open="0" _x0020_="0" wearable="0" emittinglight="1" locked="0" lockable="0" beingworn="0" user1="0" door="0" user2="0" user3="0" user4="0" />
        <synonyms />
        <nogo>
          <in>You can't enter that.</in>
          <out>I don't know which way that is.</out>
        </nogo>
        <backdrop />
      </object>
      <object id="7" holder="0" name="EAST_SHAFT" printedname="East Shaft">
        <description>You are at the eastern end of an air shaft. You can go west, or drop down into what appears to be a guard's break room. Below, you can hear faint snoring.</description>
        <initialdescription />
        <directions n="255" s="255" e="255" w="5" ne="255" se="255" sw="255" nw="255" up="255" down="10" in="255" out="255" mass="0" />
        <flags scenery="0" portable="0" container="0" supporter="0" transparent="0" openable="0" open="0" _x0020_="0" wearable="0" emittinglight="1" locked="0" lockable="0" beingworn="0" user1="0" door="0" user2="0" user3="0" user4="0" />
        <synonyms names="" />
        <nogo>
          <w />
          <down />
          <in>You can't enter that.</in>
          <out>I don't know which way that is.</out>
        </nogo>
        <backdrop />
      </object>
      <object id="8" holder="0" name="STORAGE_CLOSET" printedname="Storage Closet">
        <description>This is a storage closet. To the west, a doorway leads out to the break room.</description>
        <initialdescription />
        <directions n="255" s="255" e="11" w="255" ne="255" se="255" sw="255" nw="255" up="255" down="255" in="255" out="255" mass="0" />
        <flags scenery="0" portable="0" container="0" supporter="0" transparent="0" openable="0" open="0" _x0020_="0" wearable="0" emittinglight="1" locked="0" lockable="0" beingworn="0" user1="0" door="0" user2="0" user3="0" user4="0" />
        <synonyms />
        <nogo>
          <e />
          <in>You can't enter that.</in>
          <out>I don't know which way that is.</out>
        </nogo>
        <backdrop />
      </object>
      <object id="9" holder="0" name="HALLWAY" printedname="Hallway">
        <description>To the west is the break room. To the south is the laundry room.</description>
        <initialdescription />
        <directions n="255" s="16" e="255" w="10" ne="255" se="255" sw="255" nw="255" up="255" down="255" in="255" out="255" mass="0" />
        <flags scenery="0" portable="0" container="0" supporter="0" transparent="0" openable="0" open="0" _x0020_="0" wearable="0" emittinglight="1" locked="0" lockable="0" beingworn="0" user1="0" door="0" user2="0" user3="0" user4="0" />
        <synonyms />
        <nogo>
          <in>You can't enter that.</in>
          <out>I don't know which way that is.</out>
        </nogo>
        <backdrop />
      </object>
      <object id="10" holder="0" name="BREAK_ROOM" printedname="Break Room">
        <description>This is the guard's break room. There is a hallway to the east. To the west is a storage closet. Above you, a missing panel leads to an air shaft.</description>
        <initialdescription />
        <directions n="255" s="255" e="9" w="11" ne="255" se="255" sw="255" nw="255" up="255" down="255" in="255" out="255" mass="0" />
        <flags scenery="0" portable="0" container="0" supporter="0" transparent="0" openable="0" open="0" _x0020_="0" wearable="0" emittinglight="1" locked="0" lockable="0" beingworn="0" user1="0" door="0" user2="0" user3="0" user4="0" />
        <synonyms names="" />
        <nogo>
          <s />
          <w />
          <ne />
          <nw />
          <e />
          <se />
          <sw />
          <n />
          <up>You can't jump that high.</up>
          <down />
          <in>You can't enter that.</in>
          <out>I don't know which way that is.</out>
        </nogo>
        <backdrop />
      </object>
      <object id="11" holder="10" name="door" printedname="door">
        <description>You notice nothing unexpected.</description>
        <initialdescription />
        <directions n="255" s="255" e="10" w="8" ne="255" se="255" sw="255" nw="255" up="255" down="255" in="255" out="255" mass="0" />
        <flags scenery="1" portable="0" container="0" supporter="0" transparent="0" openable="1" open="0" _x0020_="0" wearable="0" emittinglight="0" locked="1" lockable="1" beingworn="0" user1="0" door="1" user2="0" user3="0" user4="0" />
        <synonyms names="" />
        <nogo>
          <s />
          <w />
          <ne />
          <nw />
          <e />
          <se />
          <sw />
          <n />
          <up />
          <down />
          <in>You can't enter that.</in>
          <out>I don't know which way that is.</out>
        </nogo>
        <backdrop />
      </object>
      <object id="12" holder="8" name="BOX_OF_SNAUSAGES" printedname="box of snausages">
        <description>Dogs ask for them by name.</description>
        <initialdescription>A box of snausages sits on a shelf.</initialdescription>
        <directions n="255" s="255" e="255" w="255" ne="255" se="255" sw="255" nw="255" up="255" down="255" in="255" out="255" mass="0" />
        <flags scenery="0" portable="1" container="0" supporter="0" transparent="0" openable="0" open="1" _x0020_="0" wearable="0" emittinglight="0" locked="0" lockable="0" beingworn="0" user1="0" door="0" user2="0" user3="0" user4="0" />
        <synonyms names="SNAUSAGE" />
        <nogo>
          <s />
          <w />
          <ne />
          <nw />
          <e />
          <se />
          <sw />
          <n />
          <up />
          <down />
          <in>You can't enter that.</in>
          <out>I don't know which way that is.</out>
        </nogo>
        <backdrop />
      </object>
      <object id="13" holder="10" name="SLEEPING_GUARD" printedname="sleeping guard">
        <description>The prison guard wears a blue uniform dress shirt with black pants.</description>
        <initialdescription>A guard, who is supposed to be on duty, is sleeping in a chair.</initialdescription>
        <directions n="255" s="255" e="255" w="255" ne="255" se="255" sw="255" nw="255" up="255" down="255" in="255" out="255" mass="0" />
        <flags scenery="0" portable="0" container="0" supporter="1" transparent="0" openable="0" open="0" _x0020_="0" wearable="0" emittinglight="0" locked="0" lockable="0" beingworn="0" user1="0" door="0" user2="0" user3="0" user4="0" />
        <synonyms names="" />
        <nogo>
          <in>You can't enter that.</in>
          <out />
        </nogo>
        <backdrop />
      </object>
      <object id="14" holder="16" name="laundry_cart" printedname="laundry cart">
        <description>The cart is easily large enough to hold a person and perhaps a small dog.</description>
        <initialdescription />
        <directions n="255" s="255" e="255" w="255" ne="255" se="255" sw="255" nw="255" up="255" down="255" in="14" out="16" mass="0" />
        <flags scenery="0" portable="0" container="1" supporter="0" transparent="0" openable="0" open="1" _x0020_="0" wearable="0" emittinglight="1" locked="0" lockable="0" beingworn="0" user1="0" door="0" user2="0" user3="0" user4="0" />
        <synonyms names="" />
        <nogo>
          <s />
          <w />
          <ne />
          <nw />
          <e />
          <se />
          <sw />
          <n />
          <up />
          <down />
          <in />
          <out />
        </nogo>
        <backdrop />
      </object>
      <object id="15" holder="9" name="DOG" printedname="dog">
        <description>Upon closer examination the vicious guard dog turns out to be a chihuahua.</description>
        <initialdescription>A vicious police dog eyes you with hostility.</initialdescription>
        <directions n="255" s="255" e="255" w="255" ne="255" se="255" sw="255" nw="255" up="255" down="255" in="255" out="255" mass="0" />
        <flags scenery="0" portable="1" container="0" supporter="0" transparent="0" openable="0" open="0" _x0020_="0" wearable="0" emittinglight="0" locked="0" lockable="0" beingworn="0" user1="0" door="0" user2="0" user3="0" user4="0" />
        <synonyms names="CHIHUAHUA" />
        <nogo>
          <in />
          <out />
        </nogo>
        <backdrop />
      </object>
      <object id="16" holder="0" name="LAUNDRY_ROOM" printedname="Laundry Room">
        <description>This is the laundry room. A hall leads north. To the south is a rolling steel door.</description>
        <initialdescription />
        <directions n="9" s="255" e="255" w="255" ne="255" se="255" sw="255" nw="255" up="255" down="255" in="255" out="255" mass="0" />
        <flags scenery="0" portable="0" container="0" supporter="0" transparent="0" openable="0" open="0" _x0020_="0" wearable="0" emittinglight="1" locked="0" lockable="0" beingworn="0" user1="0" door="0" user2="0" user3="0" user4="0" />
        <synonyms />
        <nogo>
          <in>You can't enter that.</in>
          <out>I don't know which way that is.</out>
        </nogo>
        <backdrop />
      </object>
      <object id="17" holder="2" name="TRAVEL_POSTER" printedname="travel poster">
        <description>This is an old travel poster showing a tropical island with a white, sandy beach. It appears to rustle as though there is air moving behind it.</description>
        <initialdescription>A poster is taped to the west wall.</initialdescription>
        <directions n="255" s="255" e="255" w="255" ne="255" se="255" sw="255" nw="255" up="255" down="255" in="255" out="255" mass="0" />
        <flags scenery="0" portable="1" container="0" supporter="0" transparent="0" openable="0" open="0" _x0020_="0" wearable="0" emittinglight="0" locked="0" lockable="0" beingworn="0" user1="0" door="0" user2="0" user3="0" user4="0" />
        <synonyms names="" />
        <nogo>
          <e />
          <in>You can't enter that.</in>
          <out>I don't know which way that is.</out>
        </nogo>
        <backdrop />
      </object>
      <object id="18" holder="14" name="pile_of_laundry" printedname="pile of laundry">
        <description>This is a pile of smelly prison laundry.</description>
        <initialdescription />
        <directions n="255" s="255" e="255" w="255" ne="255" se="255" sw="255" nw="255" up="255" down="255" in="255" out="16" mass="0" />
        <flags scenery="0" portable="0" container="0" supporter="0" transparent="0" openable="0" open="0" _x0020_="0" wearable="0" emittinglight="0" locked="0" lockable="0" beingworn="0" user1="0" door="0" user2="0" user3="0" user4="0" />
        <synonyms names="clothes" />
        <nogo>
          <in>You can't enter that.</in>
          <out />
        </nogo>
        <backdrop />
      </object>
      <object id="19" holder="0" name="KEY" printedname="key">
        <description>You notice nothing unexpected.</description>
        <initialdescription />
        <directions n="255" s="255" e="255" w="255" ne="255" se="255" sw="255" nw="255" up="255" down="255" in="255" out="255" mass="0" />
        <flags scenery="0" portable="1" container="0" supporter="0" transparent="0" openable="0" open="0" _x0020_="0" wearable="0" emittinglight="0" locked="0" lockable="0" beingworn="0" user1="0" door="0" user2="0" user3="0" user4="0" />
        <synonyms names="KEYS" />
        <nogo>
          <in>You can't enter that.</in>
          <out>I don't know which way that is.</out>
        </nogo>
        <backdrop />
      </object>
      <object id="20" holder="0" name="Tropical_Beach" printedname="Tropical Beach">
        <description>Congratulations. You have reached the end of the game.</description>
        <initialdescription />
        <directions n="255" s="255" e="255" w="255" ne="255" se="255" sw="255" nw="255" up="255" down="255" in="255" out="255" mass="0" />
        <flags scenery="0" portable="0" container="0" supporter="0" transparent="0" openable="0" open="0" _x0020_="0" wearable="0" emittinglight="1" locked="0" lockable="0" beingworn="0" user1="0" door="0" user2="0" user3="0" user4="0" />
        <synonyms names="" />
        <nogo>
          <s />
          <w />
          <ne />
          <nw />
          <e />
          <se />
          <sw />
          <n />
          <up />
          <down />
          <in />
          <out />
        </nogo>
        <backdrop />
      </object>
      <object id="21" holder="16" name="SCHEDULE" printedname="schedule">
        <description>A schedule indicates a laundry van will be arriving soon.</description>
        <initialdescription>A schedule is taped to the wall.</initialdescription>
        <directions n="255" s="255" e="255" w="255" ne="255" se="255" sw="255" nw="255" up="255" down="255" in="255" out="255" mass="0" />
        <flags scenery="0" portable="1" container="0" supporter="0" transparent="0" openable="0" open="0" _x0020_="0" wearable="0" emittinglight="0" locked="0" lockable="0" beingworn="0" user1="0" door="0" user2="0" user3="0" user4="0" />
        <synonyms names="PAPER" />
        <nogo>
          <in>You can't enter that.</in>
          <out>I don't know which way that is.</out>
        </nogo>
        <backdrop />
      </object>
      <object id="22" holder="0" name="AIR_SHAFT" printedname="Air Shaft">
        <description>This is a dead end in  an airshaft.  To the east is a junction.</description>
        <initialdescription />
        <directions n="255" s="255" e="5" w="255" ne="255" se="255" sw="255" nw="255" up="255" down="255" in="255" out="255" mass="0" />
        <flags scenery="0" portable="0" container="0" supporter="0" transparent="0" openable="0" open="0" _x0020_="0" wearable="0" emittinglight="1" locked="0" lockable="0" beingworn="0" user1="0" door="0" user2="0" user3="0" user4="0" />
        <synonyms names="" />
        <nogo>
          <in>You can't enter that.</in>
          <out>I don't know which way that is.</out>
        </nogo>
        <backdrop />
      </object>
      <object id="23" holder="0" name="uniform" printedname="uniform">
        <description>The uniform is a stylish ensemble from Al's Discount Uniforms.</description>
        <initialdescription />
        <directions n="255" s="255" e="255" w="255" ne="255" se="255" sw="255" nw="255" up="255" down="255" in="255" out="255" mass="0" />
        <flags scenery="1" portable="0" container="0" supporter="0" transparent="0" openable="0" open="0" _x0020_="0" wearable="0" emittinglight="0" locked="0" lockable="0" beingworn="0" user1="0" door="0" user2="0" user3="0" user4="0" />
        <synonyms names="clothes" />
        <nogo>
          <in>You can't enter that.</in>
          <out>I don't know which way that is.</out>
        </nogo>
        <backdrop />
      </object>
      <object id="24" holder="2" name="door24" printedname="door">
        <description>The door is locked from the far side.</description>
        <initialdescription />
        <directions n="255" s="255" e="255" w="255" ne="255" se="255" sw="255" nw="255" up="255" down="255" in="255" out="255" mass="0" />
        <flags scenery="1" portable="0" container="0" supporter="0" transparent="0" openable="1" open="0" _x0020_="0" wearable="0" emittinglight="0" locked="1" lockable="1" beingworn="0" user1="0" door="0" user2="0" user3="0" user4="0" />
        <synonyms />
        <nogo>
          <s />
          <w />
          <ne />
          <nw />
          <e />
          <se />
          <sw />
          <n />
          <up />
          <down />
          <in>You can't enter that.</in>
          <out>I don't know which way that is.</out>
        </nogo>
        <backdrop />
      </object>
      <object id="25" holder="16" name="steel_door" printedname="steel door">
        <description>The rolling steel door is locked from the outside.</description>
        <initialdescription />
        <directions n="255" s="255" e="255" w="255" ne="255" se="255" sw="255" nw="255" up="255" down="255" in="255" out="255" mass="0" />
        <flags scenery="1" portable="0" container="0" supporter="0" transparent="0" openable="1" open="0" _x0020_="0" wearable="0" emittinglight="0" locked="1" lockable="1" beingworn="0" user1="0" door="1" user2="0" user3="0" user4="0" />
        <synonyms />
        <nogo>
          <s />
          <w />
          <ne />
          <nw />
          <e />
          <se />
          <sw />
          <n />
          <up />
          <down />
          <in>You can't enter that.</in>
          <out>I don't know which way that is.</out>
        </nogo>
        <backdrop />
      </object>
      <object id="26" holder="10" name="chair" printedname="chair">
        <description>You notice nothing unexpected.</description>
        <initialdescription />
        <directions n="255" s="255" e="255" w="255" ne="255" se="255" sw="255" nw="255" up="255" down="255" in="255" out="255" mass="0" />
        <flags scenery="1" portable="0" container="0" supporter="0" transparent="0" openable="0" open="0" _x0020_="0" wearable="0" emittinglight="0" locked="0" lockable="0" beingworn="0" user1="0" door="0" user2="0" />
        <synonyms />
        <nogo>
          <s />
          <w />
          <ne />
          <nw />
          <e />
          <se />
          <sw />
          <n />
          <up />
          <down />
          <in />
          <out />
        </nogo>
        <backdrop />
      </object>
      <object id="27" holder="0" name="tunnel" printedname="tunnel">
        <description>The rough-hewn tunnel leads west into the darkness.</description>
        <initialdescription />
        <directions n="255" s="255" e="255" w="255" ne="255" se="255" sw="255" nw="255" up="255" down="255" in="3" out="255" mass="0" />
        <flags scenery="1" portable="0" container="0" supporter="0" transparent="0" openable="0" open="0" _x0020_="0" wearable="0" emittinglight="0" locked="0" lockable="0" beingworn="0" user1="0" door="0" user2="0" />
        <synonyms />
        <nogo>
          <s />
          <w />
          <ne />
          <nw />
          <e />
          <se />
          <sw />
          <n />
          <up />
          <down />
          <in />
          <out />
        </nogo>
        <backdrop />
      </object>
      <object id="28" holder="3" name="spork" printedname="spork">
        <description>The metal spork has seen better days.</description>
        <initialdescription>A metal spork lies on the tunnel floor.</initialdescription>
        <directions n="255" s="255" e="255" w="255" ne="255" se="255" sw="255" nw="255" up="255" down="255" in="255" out="255" mass="0" />
        <flags scenery="0" portable="1" container="0" supporter="0" transparent="0" openable="0" open="0" _x0020_="0" wearable="0" emittinglight="0" locked="0" lockable="0" beingworn="0" user1="0" door="0" user2="0" />
        <synonyms />
        <nogo>
          <s />
          <w />
          <ne />
          <nw />
          <e />
          <se />
          <sw />
          <n />
          <up />
          <down />
          <in />
          <out />
        </nogo>
        <backdrop />
      </object>
    </objects>
    <checks>
      <check verb="n" check="check_move" />
      <check verb="s" check="check_move" />
      <check verb="e" check="check_move" />
      <check verb="w" check="check_move" />
      <check verb="ne" check="check_move" />
      <check verb="se" check="check_move" />
      <check verb="nw" check="check_move" />
      <check verb="sw" check="check_move" />
      <check verb="u" check="check_move" />
      <check verb="d" check="check_move" />
      <check verb="close" check="check_dobj_supplied" />
      <check verb="drink" check="check_dobj_supplied" />
      <check verb="drink" check="check_have_dobj" />
      <check verb="drop" check="check_dobj_supplied" />
      <check verb="drop" check="check_have_dobj" />
      <check verb="eat" check="check_dobj_supplied" />
      <check verb="enter" check="check_dobj_supplied" />
      <check verb="examine" check="check_dobj_supplied" />
      <check verb="get" check="check_dobj_supplied" />
      <check verb="get" check="check_dont_have_dobj" />
      <check verb="kill" check="check_dobj_supplied" />
      <check verb="light" check="check_dobj_supplied" />
      <check verb="light" check="check_have_dobj" />
      <check verb="open" check="check_dobj_supplied" />
      <check verb="open" check="check_dobj_opnable" />
      <check verb="put" check="check_dobj_supplied" />
      <check verb="put" check="check_prep_supplied" />
      <check verb="put" check="check_iobj_supplied" />
      <check verb="put" check="check_not_self_or_child" />
      <check verb="talk to" check="check_dobj_supplied" />
      <check verb="turn on" check="check_dobj_supplied" />
      <check verb="turn on" check="check_have_dobj" />
      <check verb="unlock" check="check_dobj_supplied" />
      <check verb="look in" check="check_dobj_supplied" />
      <check verb="open" check="check_dobj_unlocked" />
      <check verb="hide in" check="check_dobj_supplied" />
      <check verb="get,take,grab,pick up" check="check_see_dobj" />
      <check verb="lock" check="check_dobj_lockable" />
      <check verb="unlock" check="check_dobj_lockable" />
      <check verb="put" check="check_have_dobj" />
      <check verb="put" check="check_see_iobj" />
      <check verb="tickle" check="check_see_dobj" />
      <check verb="poke" check="check_see_dobj" />
      <check verb="wear" check="check_see_dobj" />
      <check verb="wear" check="check_have_dobj" />
      <check verb="wear" check="check_dobj_wearable" />
      <check verb="enter" check="check_move" />
      <check verb="out" check="check_move" />
      <check verb="examine,x,look at,inspect" check="check_see_dobj" />
      <check verb="get,take,grab,pick up" check="check_dobj_portable" />
      <check verb="lock" check="check_see_dobj" />
    </checks>
    <sentences>
      <sentence verb="kill" do="PLAYER" prep="" io="" type="instead" sub="kill_self" />
      <sentence verb="talk to" do="PLAYER" prep="" io="" type="instead" sub="talk_to_self" />
      <sentence verb="listen" do="" prep="" io="" type="instead" sub="listen" />
      <sentence verb="smell" do="" prep="" io="" type="instead" sub="smell" />
      <sentence verb="wait" do="" prep="" io="" type="instead" sub="wait" />
      <sentence verb="yell" do="" prep="" io="" type="instead" sub="yell" />
      <sentence verb="jump" do="" prep="" io="" type="instead" sub="jump" />
      <sentence verb="get" do="TRAVEL_POSTER" prep="" io="" type="after" sub="get_poster" />
      <sentence verb="s" do="" prep="" io="" type="instead" sub="go_south" />
      <sentence verb="kill" do="STORAGE_CLOSET" prep="" io="" type="instead" sub="kick_dog" />
      <sentence verb="eat" do="BOX_OF_SNAUSAGES" prep="" io="" type="instead" sub="eat_snausages" />
      <sentence verb="kill" do="DOG" prep="" io="" type="instead" sub="kick_dog" />
      <sentence verb="feed" do="DOG" prep="" io="" type="instead" sub="feed_dog" />
      <sentence verb="kill" do="SLEEPING_GUARD" prep="" io="" type="instead" sub="kill_guard" />
      <sentence verb="unlock" do="DOOR" prep="with" io="KEY" type="instead" sub="unlock_door" />
      <sentence verb="open" do="DOOR" prep="with" io="KEY" type="instead" sub="unlock_door" />
      <sentence verb="unlock" do="DOOR" prep="" io="" type="instead" sub="unlock_door" />
      <sentence verb="kick" do="DOG" prep="" io="" type="instead" sub="kick_dog" />
      <sentence verb="pet" do="DOG" prep="" io="" type="instead" sub="pet_dog" />
      <sentence verb="look behind" do="TRAVEL_POSTER" prep="" io="" type="instead" sub="look_behind" />
      <sentence verb="punch" do="SLEEPING_GUARD" prep="" io="" type="instead" sub="punch_guard" />
      <sentence verb="kick" do="SLEEPING_GUARD" prep="" io="" type="instead" sub="kick_guard" />
      <sentence verb="read" do="SCHEDULE" prep="" io="" type="instead" sub="read_schedule" />
      <sentence verb="hide in" do="LAUNDRY_CART" prep="" io="" type="instead" sub="hide_in_cart" />
      <sentence verb="hide" do="" prep="" io="" type="instead" sub="hide" />
      <sentence verb="look in" do="SLEEPING_GUARD" prep="" io="" type="instead" sub="search_guard" />
      <sentence verb="eat" do="*" prep="" io="" type="instead" sub="eat_anything" />
      <sentence verb="enter" do="LAUNDRY_CART" prep="" io="" type="before" sub="enter_cart" />
      <sentence verb="give" do="BOX_OF_SNAUSAGES" prep="to" io="DOG" type="instead" sub="feed_dog" />
      <sentence verb="smell" do="PILE_OF_LAUNDRY" prep="" io="" type="instead" sub="smell_laundr" />
      <sentence verb="tickle" do="SLEEPING_GUARD" prep="" io="" type="instead" sub="tickle_guard" />
      <sentence verb="poke" do="SLEEPING_GUARD" prep="" io="" type="instead" sub="wake_guard" />
      <sentence verb="unlock" do="door24" prep="" io="" type="instead" sub="unlock_door24" />
      <sentence verb="unlock" do="steel_door" prep="" io="" type="instead" sub="unlock_steel" />
      <sentence verb="score" do="" prep="" io="" type="instead" sub="print_score" />
    </sentences>
    <routines>
      <routine name="kill_self">println("If you are experiencing suicidal thoughts, you should seek psychiatric help.");
</routine>
      <routine name="kill_player">println("***YOU HAVE DIED***");
player.holder=1;
look();
</routine>
      <routine name="talk_to_self">println("Talking to yourself is a sign of impending mental collapse.");
</routine>
      <routine name="listen">if (player.holder == east_shaft || (  player.holder == break_room &amp;&amp; sleeping_guard.holder == break_room  ) )
{
     println("You hear snoring.");
}
else
{
     println("You hear nothing unexpected.");
}
</routine>
      <routine name="smell">println("You smell nothing unexpected.");
</routine>
      <routine name="wait">if (player.holder == laundry_cart)
{
     println("After a short wait, you hear the steel door roll open.");
     println("A laundry crew dumps the cart (and you) into a truck.  You manage to escape at the first red light and head for a nice carribean island.");
     player.holder = tropical_beach;
     dog.holder = tropical_beach;
     dog.initial_description = "By your feet, a former police dog is napping peacefully.";
     look();
}
else
{
     println("Time passes...");
}
</routine>
      <routine name="yell">println("AAAAAAAAAAAAARRRRGGGGGG!");
if (player.holder == break_room)
{
     if (sleeping_guard.holder == break_room)
     {
          println("Seeing that you are out of your cell, the guard flees in terror.");
          if (key.holder == offscreen)
          {
               println("As he flees, a key falls out of his pocket.");
               key.holder=break_room;
          }
          sleeping_guard.holder = offscreen;
     }
}
</routine>
      <routine name="jump">println("WHEEEEEE!");
</routine>
      <routine name="get_poster">if (posterMoved == 0)
{
     posterMoved=1;
     println("Taking the poster reveals an escape tunnel leading west.");
     travel_poster.description = "The is an old travel poster showing a tropical island with a white, sandy beacH.";
     cell_24.w = escape_tunnel;
     cell_24.description = "This is a filthy jail cell. There is a door to the east which leads to a hallway.  In the west wall is an escape tunnel leading west.";
     tunnel.location = cell_24;
}
</routine>
      <routine name="eat_anything">println("That's not part of a healthy diet.");
</routine>
      <routine name="eat_snausages">println("MMMMM...Snausages.");
</routine>
      <routine name="kick_dog">println("This program does not tolerate cruelty to animals.");
</routine>
      <routine name="kill_guard">println("That's so mean.  Maybe you should be in jail after all.");
</routine>
      <routine name="go_south">if (player.holder  == hallway)
{
     if (dog.holder == hallway)
     {
          if (happyDog == 0)
          {
               println("The dog snarls. You wisely back off.");
          }
          else
          {
               move();
          }
     }
     else
     {
          move();
     }
}
else
{
     move();
}
</routine>
      <routine name="feed_dog">if (box_of_snausages.holder == player)
{
     if (happyDog == 0)
     {
          println("The dog gleefully devours the snausage and starts wagging his tail.");
          happyDog =1 ;
     }
     else
     {
          println("Don't over do it.  Do you know how hard it is to get a dog to lose weight?");
     }
}
else
{
     println("You have nothing the dog wants to eat.");
}
</routine>
      <routine name="wake_guard">println("Seeing that you are out of your cell, the guard flees in terror.");
if (key.holder == OFFSCREEN)
{
     println("As he flees, a key falls out of his pocket.");
     sleeping_guard.holder = offscreen;
     key.holder=break_room;
}
</routine>
      <routine name="unlock_door">if (key.holder == player)
{
     if (door.locked == 1)
     {
          println("After a few tries, you manage to unlock and open the door.");
          door.open = 1;
          door.locked = 0;
     }
     else
     {
          println("It's already unlocked.");
     }
}
else
{
     println("You don't have the key.");
}
</routine>
      <routine name="pet_dog">if (happyDog == 1)
{
     println("The dog wags his tail.");
}
else
{
     println("The dog snaps at your hand.");
}
</routine>
      <routine name="read_schedule">println("A schedule indicates a laundry van will be arriving soon.");
</routine>
      <routine name="look_behind">if (posterMoved == 0)
{
     println("There seems to be a hole behind the poster.");
}
else
{
     println("There is a hole where the poster used to be.");
}
</routine>
      <routine name="kick_guard">println("You kick the guard's chair.");
wake_guard();
</routine>
      <routine name="punch_guard">println("As you debate whether that is a nice thing to do, the guard snorts and wakes up.");
println("Seeing that you are out of your cell, he flees in terror.");
println("As he flees, a key falls out of his pocket.");
sleeping_guard.holder = offscreen;
key.holder=break_room;
</routine>
      <routine name="hide">if (player.holder == laundry_room)
{
     println("You hide in the laundry cart.");
     laundry_cart.description = "You are inside a smelly laundry cart.";
     player.holder = laundry_cart;
     look();
}
else if (player.holder == laundry_cart)
{
     hide_in_cart();
}
else
{
     println("I don't know where you want to hide.");
}
</routine>
      <routine name="hide_in_cart">if (player.holder == laundry_room || player.holder == laundry_cart)
{
     println("After a short wait, you hear the steel door roll open.");
     println("A laundry crew dumps the cart (and you) into a truck.  You manage to escape at the first red light and head for a nice carribean island.");
     player.holder = tropical_beach;
     dog.holder = tropical_beach;
     dog.initial_description = "By your feet, a former police dog is napping peacefully.";
     look();
}
</routine>
      <routine name="search_guard">if (key.holder == offscreen)
{
     println("Without waking him, you deftly pull a key out of his shirt pocket.");
     key.holder = PLAYER;
}
else
{
     println("You find some pocket lint.");
}
</routine>
      <routine name="enter_cart">laundry_cart.description = "You are inside a smelly laundry cart.";
</routine>
      <routine name="smell_laundr">println("The laundry smells like armpits.");
</routine>
      <routine name="default_tickle">println("That accomplishes nothing.");</routine>
      <routine name="tickle_guard">println("The guard laughs, snorts, then wakes up.");
wake_guard();</routine>
      <routine name="take_uniform">println("Great idea.  Too bad, there's no way you could do that without waking him up.");</routine>
      <routine name="unlock_door24">println("Cell doors usually don't work that way.");</routine>
      <routine name="unlock_steel">println("The door is locked from the outside.");</routine>
      <routine name="print_score">print("Your score is ");
printvar( score );
print("/100");
</routine>
    </routines>
    <events>
      <event name="fan_death">if (player.holder == fan_blades)
{
     player.holder = cell_24;
     println("***YOU HAVE DIED***");
     println("Let's try this again...");
     look();
}
</event>
      <event name="cart_desc">if (player.holder == laundry_cart)
{
     laundry_cart.description = "You are inside a smelly laundry cart.";
}
else
{
     laundry_cart.description = "The cart is easily large enough to hold a person and perhaps a small dog.";
}</event>
      <event name="dog_happy_ev">if (dog.holder == player)
{
     happyDog = 1;
     dog.initial_description = 255;
}</event>
      <event name="move_uniform">uniform.holder = sleeping_guard.holder;</event>
      <event name="drop_snausages">if (dog.holder != player)
{
//are they in the same room
     if ( dog.holder == BOX_OF_SNAUSAGES.holder )
     {
          println("The dog completely devours the snausages.");
          println("He seems happy now.");
          BOX_OF_SNAUSAGES.holder = offscreen;
          happyDog = 1;
     }

}</event>
      <event name="calculate_score">score =0;

if ( cell_24.w == escape_tunnel )
{
     score += 25;
}

if ( player.holder == laundry_room )
{
     reachedLaundryR = 1;
}

if ( reachedLaundryR == 1 )
{
    score += 25;
}

if ( player.location == tropical_beach )
{
     score += 25;
}

if ( key.holder == player )
{
     gotKey = 1;
}

if ( gotKey == 1 )
{
    score += 5;
}

if ( box_of_snausages.holder == player )
{
     gotSnausages = 1;
}

if ( gotSnausages == 1 )
{
    score += 5;
}

if (happyDog == 1)
{
     score += 15;
}





</event>
    </events>
    <variables>
      <builtin>
        <var name="dobj" addr="sentence+1" value="0" />
        <var name="iobj" addr="sentence+3" value="0" />
        <var name="score" addr="score" value="0" />
        <var name="moves" addr="moves" value="0" />
        <var name="health" addr="health" value="100" />
        <var name="turnsWithoutLight" addr="turnsWithoutLight" value="0" />
        <var name="gameOver" addr="gameOver" value="0" />
      </builtin>
      <user>
        <var name="posterMoved" addr="Lantern" value="0" />
        <var name="happyDog" addr="Lantern" value="0" />
        <var name="reachedLaundryR" addr="Lantern" value="0" />
        <var name="gotKey" addr="Lantern" value="0" />
        <var name="gotSnausages" addr="Lantern" value="0" />
      </user>
    </variables>
    <BuildSettings>
      <SprectrumLoadScreen />
      <SpectrumBorder>0</SpectrumBorder>
      <SpectrumPen>7</SpectrumPen>
      <SpectrumPaper>0</SpectrumPaper>
      <BrightPalette>true</BrightPalette>
      <AppleLoadScreen>C:\Users\Evan\source\repos\Lantern\XTAC\XTAC\bin\Debug\jailbreak.a2s</AppleLoadScreen>
    </BuildSettings>
    <StringDefs>
      <Strings>
        <StringDef>
          <StringName>LeadingA</StringName>
          <Z80name>leadinga</Z80name>
          <SF02Name>leadingA</SF02Name>
          <Value>A </Value>
        </StringDef>
        <StringDef>
          <StringName>The</StringName>
          <Z80name>the</Z80name>
          <SF02Name>the</SF02Name>
          <Value>The </Value>
        </StringDef>
        <StringDef>
          <StringName>Pardon</StringName>
          <Z80name>pardonstr</Z80name>
          <SF02Name>pardon</SF02Name>
          <Value>Pardon?</Value>
        </StringDef>
        <StringDef>
          <StringName>DontUnderstand</StringName>
          <Z80name>confused</Z80name>
          <SF02Name>confused</SF02Name>
          <Value>I don't follow you.</Value>
        </StringDef>
        <StringDef>
          <StringName>Done</StringName>
          <Z80name>done</Z80name>
          <SF02Name>done</SF02Name>
          <Value>Done.</Value>
        </StringDef>
        <StringDef>
          <StringName>Is</StringName>
          <Z80name>is</Z80name>
          <SF02Name>is</SF02Name>
          <Value>is...</Value>
        </StringDef>
        <StringDef>
          <StringName>InThe</StringName>
          <Z80name>inthe </Z80name>
          <SF02Name>inthe </SF02Name>
          <Value>In the </Value>
        </StringDef>
        <StringDef>
          <StringName>Onthe</StringName>
          <Z80name>onthe</Z80name>
          <SF02Name>onthe</SF02Name>
          <Value>On the </Value>
        </StringDef>
        <StringDef>
          <StringName>NotOpenable</StringName>
          <Z80name>notopenable</Z80name>
          <SF02Name>notOpenable</SF02Name>
          <Value>That's not openable.</Value>
        </StringDef>
        <StringDef>
          <StringName>NotCloseable</StringName>
          <Z80name>notcloseable</Z80name>
          <SF02Name>notcloseable</SF02Name>
          <Value>That's not closeable.</Value>
        </StringDef>
        <StringDef>
          <StringName>AlreadyOpen</StringName>
          <Z80name>alreadyopen</Z80name>
          <SF02Name>alreadyOpen</SF02Name>
          <Value>It's already open.</Value>
        </StringDef>
        <StringDef>
          <StringName>AlreadyClosed</StringName>
          <Z80name>alreadyclosed</Z80name>
          <SF02Name>alreadyClosed</SF02Name>
          <Value>It's already closed.</Value>
        </StringDef>
        <StringDef>
          <StringName>AlreadyHave</StringName>
          <Z80name>alreadyhave</Z80name>
          <SF02Name>alreadyHave</SF02Name>
          <Value>It's already closed.</Value>
        </StringDef>
        <StringDef>
          <StringName>CantTake</StringName>
          <Z80name>notportable</Z80name>
          <SF02Name>notPortable</SF02Name>
          <Value>You can't take that.</Value>
        </StringDef>
        <StringDef>
          <StringName>CantDo</StringName>
          <Z80name>cantDoThat</Z80name>
          <SF02Name>cantDoThat</SF02Name>
          <Value>You can't do that.</Value>
        </StringDef>
        <StringDef>
          <StringName>Carrying</StringName>
          <Z80name>carrying</Z80name>
          <SF02Name>carrying</SF02Name>
          <Value>You are carrying...</Value>
        </StringDef>
        <StringDef>
          <StringName>TooHeavy</StringName>
          <Z80name>tooheavystr</Z80name>
          <SF02Name>tooHeavy</SF02Name>
          <Value>You can't carry any more.</Value>
        </StringDef>
        <StringDef>
          <StringName>HaveNothing</StringName>
          <Z80name>noitems</Z80name>
          <SF02Name>emptyhanded</SF02Name>
          <Value>You are empty handed.</Value>
        </StringDef>
        <StringDef>
          <StringName>CantSee</StringName>
          <Z80name>pitchdark</Z80name>
          <SF02Name>noLight</SF02Name>
          <Value>It is pitch dark.</Value>
        </StringDef>
        <StringDef>
          <StringName>DontHave</StringName>
          <Z80name>donthave</Z80name>
          <SF02Name>dontHave</SF02Name>
          <Value>You don't have that.</Value>
        </StringDef>
        <StringDef>
          <StringName>DontSee</StringName>
          <Z80name>dontseestr</Z80name>
          <SF02Name>dontsee</SF02Name>
          <Value>You don't see that here.</Value>
        </StringDef>
        <StringDef>
          <StringName>CantSeeIn</StringName>
          <Z80name>cantlook</Z80name>
          <SF02Name>noPeek</SF02Name>
          <Value>You can't see inside that.</Value>
        </StringDef>
        <StringDef>
          <StringName>FindNothing</StringName>
          <Z80name>nothing</Z80name>
          <SF02Name>itsEmpty</SF02Name>
          <Value>You find nothing.</Value>
        </StringDef>
        <StringDef>
          <StringName>CantOpen</StringName>
          <Z80name>cantopen</Z80name>
          <SF02Name>cantopen</SF02Name>
          <Value>You can't open that.</Value>
        </StringDef>
        <StringDef>
          <StringName>CantEnter</StringName>
          <Z80name>noenter</Z80name>
          <SF02Name>noenter</SF02Name>
          <Value>You can't enter that.</Value>
        </StringDef>
        <StringDef>
          <StringName>NotContainer</StringName>
          <Z80name>notcontainer</Z80name>
          <SF02Name>notContainer</SF02Name>
          <Value>You can't put things in that.</Value>
        </StringDef>
        <StringDef>
          <StringName>NotSupporter</StringName>
          <Z80name>notsupporter</Z80name>
          <SF02Name>nosurface</SF02Name>
          <Value>You find no suitable surface.</Value>
        </StringDef>
        <StringDef>
          <StringName>Wear</StringName>
          <Z80name>youputon</Z80name>
          <SF02Name>youputon</SF02Name>
          <Value>You put on the </Value>
        </StringDef>
        <StringDef>
          <StringName>CantWear</StringName>
          <Z80name>notwearable</Z80name>
          <SF02Name>notwearable</SF02Name>
          <Value>You can't wear that.</Value>
        </StringDef>
        <StringDef>
          <StringName>AlreadyWearing</StringName>
          <Z80name>alreadyworn</Z80name>
          <SF02Name>alreadyWorn</SF02Name>
          <Value>You're already wearing that.</Value>
        </StringDef>
        <StringDef>
          <StringName>Opening</StringName>
          <Z80name>openingThe</Z80name>
          <SF02Name>openningThe</SF02Name>
          <Value>Opening the </Value>
        </StringDef>
        <StringDef>
          <StringName>Reveals</StringName>
          <Z80name>reveals</Z80name>
          <SF02Name>reveals</SF02Name>
          <Value> reveals...</Value>
        </StringDef>
        <StringDef>
          <StringName>Opened</StringName>
          <Z80name />
          <SF02Name />
          <Value>Opened.</Value>
        </StringDef>
        <StringDef>
          <StringName>ItsClosed</StringName>
          <Z80name>closed</Z80name>
          <SF02Name>itsClosed</SF02Name>
          <Value>It's closed.</Value>
        </StringDef>
        <StringDef>
          <StringName>IsClosed</StringName>
          <Z80name>isclosed</Z80name>
          <SF02Name>isclosed</SF02Name>
          <Value>is closed.</Value>
        </StringDef>
        <StringDef>
          <StringName>Closed</StringName>
          <Z80name />
          <SF02Name />
          <Value>Closed.</Value>
        </StringDef>
        <StringDef>
          <StringName>IsLocked</StringName>
          <Z80name>isLocked</Z80name>
          <SF02Name>isLocked</SF02Name>
          <Value>is locked.</Value>
        </StringDef>
        <StringDef>
          <StringName>ItsLocked</StringName>
          <Z80name>itslocked</Z80name>
          <SF02Name>itslocked</SF02Name>
          <Value>It's locked.</Value>
        </StringDef>
        <StringDef>
          <StringName>DoorClosed</StringName>
          <Z80name>doorclosed</Z80name>
          <SF02Name>doorclosed</SF02Name>
          <Value>The door is closed.</Value>
        </StringDef>
        <StringDef>
          <StringName>ThereIsA</StringName>
          <Z80name>thereisa</Z80name>
          <SF02Name>thereisa</SF02Name>
          <Value>There is a </Value>
        </StringDef>
        <StringDef>
          <StringName>Here</StringName>
          <Z80name>here</Z80name>
          <SF02Name>here</SF02Name>
          <Value>here.</Value>
        </StringDef>
        <StringDef>
          <StringName>Contains</StringName>
          <Z80name>contains</Z80name>
          <SF02Name>contains</SF02Name>
          <Value>contains...</Value>
        </StringDef>
        <StringDef>
          <StringName>ItsNotLocked</StringName>
          <Z80name>notlocked</Z80name>
          <SF02Name>notlocked</SF02Name>
          <Value>It's not locked.</Value>
        </StringDef>
        <StringDef>
          <StringName>NotLockable</StringName>
          <Z80name>notLockable</Z80name>
          <SF02Name>notLockable</SF02Name>
          <Value>It's not locked.</Value>
        </StringDef>
        <StringDef>
          <StringName>AlreadyLocked</StringName>
          <Z80name>alreadyLocked</Z80name>
          <SF02Name>alreadyLocked</SF02Name>
          <Value>It's already locked.</Value>
        </StringDef>
        <StringDef>
          <StringName>AlreadyUnlocked</StringName>
          <Z80name>alreadyUnlocked</Z80name>
          <SF02Name>alreadyUnlocked</SF02Name>
          <Value>It's already unlocked.</Value>
        </StringDef>
        <StringDef>
          <StringName>NotPossible</StringName>
          <Z80name>impossible</Z80name>
          <SF02Name>impossible</SF02Name>
          <Value>That's not possible.</Value>
        </StringDef>
        <StringDef>
          <StringName>WhichWay</StringName>
          <Z80name />
          <SF02Name />
          <Value>I don't know which way that is.</Value>
        </StringDef>
        <StringDef>
          <StringName>BadPut</StringName>
          <Z80name>badput</Z80name>
          <SF02Name>badput</SF02Name>
          <Value>That would violate the laws of physics.</Value>
        </StringDef>
        <StringDef>
          <StringName>Taken</StringName>
          <Z80name>taken</Z80name>
          <SF02Name>taken</SF02Name>
          <Value>Taken.</Value>
        </StringDef>
        <StringDef>
          <StringName>Dropped</StringName>
          <Z80name>dropped</Z80name>
          <SF02Name>dropped</SF02Name>
          <Value>Dropped.</Value>
        </StringDef>
        <StringDef>
          <StringName>ProvidingLight</StringName>
          <Z80name>providingLight</Z80name>
          <SF02Name>providingLight</SF02Name>
          <Value> (providing light)</Value>
        </StringDef>
        <StringDef>
          <StringName>BeingWorn</StringName>
          <Z80name>beingworn</Z80name>
          <SF02Name>beingWorn</SF02Name>
          <Value> (being worn)</Value>
        </StringDef>
        <StringDef>
          <StringName>MissingNoun</StringName>
          <Z80name>missingnoun</Z80name>
          <SF02Name>missingDobj</SF02Name>
          <Value>Missing noun.</Value>
        </StringDef>
        <StringDef>
          <StringName>MissingPrep</StringName>
          <Z80name>missingprep</Z80name>
          <SF02Name>missingPrep</SF02Name>
          <Value>Missing preposition.</Value>
        </StringDef>
        <StringDef>
          <StringName>MissingNoun2</StringName>
          <Z80name>missing_io</Z80name>
          <SF02Name>missing_io</SF02Name>
          <Value>Missing second noun.</Value>
        </StringDef>
        <StringDef>
          <StringName>BadWord</StringName>
          <Z80name>dontknowstr</Z80name>
          <SF02Name>badword</SF02Name>
          <Value>I don't know the word '</Value>
        </StringDef>
        <StringDef>
          <StringName>BadVerb</StringName>
          <Z80name>badverbstr</Z80name>
          <SF02Name>badverb</SF02Name>
          <Value>I don't know the verb '</Value>
        </StringDef>
        <StringDef>
          <StringName>Ambiguous</StringName>
          <Z80name>ambigstr</Z80name>
          <SF02Name>ambig</SF02Name>
          <Value>I don't know which one you mean.</Value>
        </StringDef>
        <StringDef>
          <StringName>Bye</StringName>
          <Z80name>bye</Z80name>
          <SF02Name>bye</SF02Name>
          <Value>Bye.</Value>
        </StringDef>
      </Strings>
    </StringDefs>
    <YouCantGoThatWay>You can't go that way.</YouCantGoThatWay>
    <DefaultDescription>You notice nothing unexpected.</DefaultDescription>
  </project>
</xml>