<?xml version="1.0" encoding="utf-8"?>
<xml xmlns:xsi="http://www.w3.org/2001/XMLSchema-instance" xmlns:xsd="http://www.w3.org/2001/XMLSchema">
  <project>
    <projname>RichardMines</projname>
    <welcome>Welcome to the Richard Mines.</welcome>
    <author>Author: Evan Wright</author>
    <version>Version 1.2 2019</version>
    <output>mines</output>
    <preps>
      <prep>in</prep>
      <prep>on</prep>
      <prep>at</prep>
      <prep>under</prep>
      <prep>into</prep>
      <prep>inside</prep>
      <prep>through</prep>
      <prep>out</prep>
      <prep>behind</prep>
      <prep>off</prep>
      <prep>up</prep>
      <prep>with</prep>
    </preps>
    <verbs>
      <builtinverbs>
        <verb>n,go north,north</verb>
        <verb>s,go south,south</verb>
        <verb>e,go east,east</verb>
        <verb>w,go west,west</verb>
        <verb>ne,go northeast,northeast</verb>
        <verb>se,go southeast,southeast</verb>
        <verb>sw,go southwest,southwest</verb>
        <verb>nw,go northwest,northwest</verb>
        <verb>up,go up,u</verb>
        <verb>down,go down,d</verb>
        <verb>enter,go in,go into,go inside</verb>
        <verb>out</verb>
        <verb>get,take,grab,pick up</verb>
        <verb>inventory,i</verb>
        <verb>kill</verb>
        <verb>drop</verb>
        <verb>light</verb>
        <verb>look,l</verb>
        <verb>examine,x,inspect,look at</verb>
        <verb>look in,search</verb>
        <verb>open</verb>
        <verb>lock</verb>
        <verb>unlock</verb>
        <verb>close,shut</verb>
        <verb>eat</verb>
        <verb>drink</verb>
        <verb>put,place</verb>
        <verb>quit</verb>
        <verb>smell,sniff</verb>
        <verb>listen</verb>
        <verb>wait</verb>
        <verb>climb</verb>
        <verb>wear,put on</verb>
        <verb>save</verb>
        <verb>restore</verb>
      </builtinverbs>
      <userverbs>
        <verb>fill</verb>
        <verb>pour</verb>
        <verb>yell,shout,scream</verb>
        <verb>jump</verb>
        <verb>pick</verb>
        <verb>burn</verb>
        <verb>turn on</verb>
        <verb>turn off</verb>
        <verb>flush</verb>
        <verb>swim</verb>
        <verb>unbolt</verb>
        <verb>use</verb>
        <verb>push</verb>
        <verb>read</verb>
      </userverbs>
    </verbs>
    <objects>
      <object id="0" holder="0" name="OFFSCREEN" printedname="Offscreen">
        <description>Offscreen</description>
        <initialdescription>You shouldn't be here.</initialdescription>
        <directions n="1" s="2" e="3" w="4" ne="5" se="6" sw="7" nw="8" up="9" down="10" in="255" out="12" mass="13" />
        <flags scenery="0" portable="0" container="0" supporter="0" transparent="0" openable="0" open="0" wearable="0" emittinglight="0" locked="0" lockable="0" beingworn="0" door="0" />
        <synonyms names="" />
      </object>
      <object id="1" holder="61" name="PLAYER" printedname="Player">
        <description>Your clothes are bit dirty from hiking through the woods. Aside from that, you're fine.</description>
        <initialdescription />
        <directions n="0" s="0" e="0" w="0" ne="0" se="0" sw="0" nw="0" up="0" down="0" in="255" out="0" mass="0" />
        <flags scenery="0" portable="0" container="0" supporter="0" transparent="0" openable="0" open="0" wearable="0" emittinglight="0" locked="0" lockable="0" beingworn="0" door="0" />
        <synonyms names="ME,SELF" />
      </object>
      <object id="2" holder="0" name="DIRT_ROAD" printedname="Dirt Road">
        <description>This is a dirt road that heads north toward a low rising hill. To the east, west is forest.  To the south, the road dissapears into the forest.</description>
        <initialdescription />
        <directions n="5" s="63" e="255" w="255" ne="255" se="255" sw="255" nw="255" up="255" down="255" in="255" out="255" mass="0" />
        <flags scenery="0" portable="0" container="0" supporter="0" transparent="0" openable="0" open="0" wearable="0" emittinglight="1" locked="0" lockable="0" beingworn="0" user1="1" door="0" />
        <synonyms names="" />
        <nogo>
          <s />
          <w>The forest is too thick.</w>
          <ne>The forest is too thick.</ne>
          <nw>The forest is too thick.</nw>
          <e>The forest is too thick.</e>
          <se>The forest is too thick.</se>
          <sw>The forest is too thick.</sw>
          <n />
          <up />
          <down />
        </nogo>
      </object>
      <object id="3" holder="2" name="GUARD_HUT" printedname="Guard Hut">
        <description>The hut is barely large enough to protect one or two sentries from the elements.</description>
        <initialdescription>A dilapidated guard hut stands nearby.</initialdescription>
        <directions n="255" s="255" e="255" w="2" ne="255" se="255" sw="255" nw="255" up="255" down="255" in="4" out="2" mass="0" />
        <flags scenery="0" portable="0" container="0" supporter="0" transparent="0" openable="0" open="1" wearable="0" emittinglight="1" locked="0" lockable="0" beingworn="0" door="0" />
        <synonyms names="" />
        <nogo />
      </object>
      <object id="4" holder="0" name="INSIDE_HUT" printedname="Inside Hut">
        <description>You are inside the small guard hut. The open doorway leads outside to the west.</description>
        <initialdescription />
        <directions n="255" s="255" e="255" w="2" ne="255" se="255" sw="255" nw="255" up="255" down="255" in="255" out="2" mass="0" />
        <flags scenery="0" portable="0" container="0" supporter="0" transparent="0" openable="0" open="0" wearable="0" emittinglight="1" locked="0" lockable="0" beingworn="0" door="0" />
        <synonyms names="" />
        <nogo>
          <s>The only exit is to the west.</s>
          <w />
          <ne>The only exit is to the west.</ne>
          <nw>The only exit is to the west.</nw>
          <e>The only exit is to the west.</e>
          <se>The only exit is to the west.</se>
          <sw>The only exit is to the west.</sw>
          <n>The only exit is to the west.</n>
          <up>The only exit is to the west.</up>
          <down />
        </nogo>
      </object>
      <object id="5" holder="0" name="TUNNEL_ENTRACE" printedname="Tunnel Entrance">
        <description>You are at the mouth of a large, collapsed tunnel cut into a steep hillside to the north. A dirt path runs east and west around the escarpment and winds south into the thick forest.</description>
        <initialdescription />
        <directions n="255" s="2" e="6" w="7" ne="255" se="255" sw="255" nw="255" up="255" down="255" in="255" out="255" mass="0" />
        <flags scenery="1" portable="0" container="0" supporter="0" transparent="0" openable="0" open="0" wearable="0" emittinglight="1" locked="0" lockable="0" beingworn="0" door="0" />
        <synonyms names="" />
        <nogo>
          <s />
          <w />
          <ne>The hillside is too steep.</ne>
          <nw>The hillside is too steep.</nw>
          <e />
          <se>Dense underbrush blocks your way.</se>
          <sw>Dense underbrush blocks your way.</sw>
          <n>The collapsed tunnel is impassible.</n>
          <up>The hillside is too steep.</up>
          <down />
        </nogo>
      </object>
      <object id="6" holder="0" name="SOUTHEAST_OF_HILLSIDE" printedname="Southeast of Hillside">
        <description>You are on a dirt path curving around the base of a rocky hillside. The path extends west and northeast.</description>
        <initialdescription />
        <directions n="255" s="255" e="255" w="5" ne="8" se="255" sw="255" nw="255" up="255" down="255" in="255" out="255" mass="0" />
        <flags scenery="0" portable="0" container="0" supporter="0" transparent="0" openable="0" open="0" wearable="0" emittinglight="1" locked="0" lockable="0" beingworn="0" user1="1" door="0" />
        <synonyms names="" />
        <nogo>
          <s />
          <w />
          <ne />
          <nw>The hillside is too steep.</nw>
          <e>The tangled woods are impassible in that direction.</e>
          <se>The tangled woods are impassible in that direction.</se>
          <sw>The tangled woods are impassible in that direction.</sw>
          <n>The hillside is too steep.</n>
          <up>The hillside is too steep.</up>
          <down />
        </nogo>
      </object>
      <object id="7" holder="0" name="SOUTHWEST_OF_HILLSIDE" printedname="Southwest of Hillside">
        <description>You are on a dirt path curving around the base of a rocky hillside. The path extends back to the east.</description>
        <initialdescription />
        <directions n="255" s="255" e="5" w="255" ne="255" se="255" sw="255" nw="255" up="255" down="255" in="255" out="255" mass="0" />
        <flags scenery="0" portable="0" container="0" supporter="0" transparent="0" openable="0" open="0" wearable="0" emittinglight="1" locked="0" lockable="0" beingworn="0" user1="1" door="0" />
        <synonyms names="" />
        <nogo>
          <s>The tangled woods are impassible in that direction.</s>
          <w>The tangled woods are impassible in that direction.</w>
          <ne>The hillside is too steep.</ne>
          <nw>The hillside is too steep.</nw>
          <se>The tangled woods are impassible in that direction.</se>
          <sw>The tangled woods are impassible in that direction.</sw>
          <n>The path ends here at the hillside.</n>
          <up>The hillside is too steep.</up>
        </nogo>
      </object>
      <object id="8" holder="0" name="EASTERN_HILLSIDE" printedname="Eastern Hillside">
        <description>You are on the eastern edge of a rocky hillside.  A large,dark tunnel extends westward into the hillside.  Although it appears attempts were made to demolish it, it may be possible to climb over the debris. A dirt path extends southwest.</description>
        <initialdescription />
        <directions n="255" s="255" e="255" w="9" ne="255" se="255" sw="6" nw="255" up="255" down="255" in="255" out="255" mass="0" />
        <flags scenery="0" portable="0" container="0" supporter="0" transparent="0" openable="0" open="0" wearable="0" emittinglight="1" locked="0" lockable="0" beingworn="0" door="0" />
        <synonyms names="" />
        <nogo>
          <ne>The tangled woods are impassible in that direction.</ne>
          <nw>The hillside is too steep.</nw>
          <e>The tangled woods are impassible in that direction.</e>
          <se>The tangled woods are impassible in that direction.</se>
          <n>The path deadends here at the hillside.</n>
          <up>The hillside is too steep.</up>
        </nogo>
      </object>
      <object id="9" holder="0" name="TOP_OF_DEBRIS" printedname="Top of Debris">
        <description>You are on top of a large rock pile just inside the mouth of a large tunnel. To the west, the pile drops precipitously into the darkess.</description>
        <initialdescription />
        <directions n="255" s="255" e="8" w="10" ne="255" se="255" sw="6" nw="255" up="255" down="8" in="255" out="8" mass="0" />
        <flags scenery="0" portable="0" container="0" supporter="0" transparent="0" openable="0" open="0" wearable="0" emittinglight="1" locked="0" lockable="0" beingworn="0" user1="0" door="0" />
        <synonyms names="" />
        <nogo>
          <up>You hit your head on the roof of the tunnel.</up>
        </nogo>
      </object>
      <object id="10" holder="0" name="EAST_TUNNEL" printedname="East Tunnel">
        <description>You are at the eastern end of an east-west tunnel. To the east, a huge debris pile, the result of intentional demolition, completely blocks the exit.</description>
        <initialdescription />
        <directions n="255" s="255" e="255" w="11" ne="255" se="255" sw="255" nw="255" up="255" down="255" in="255" out="255" mass="0" />
        <flags scenery="0" portable="0" container="0" supporter="0" transparent="0" openable="0" open="0" wearable="0" emittinglight="0" locked="0" lockable="0" beingworn="0" door="0" />
        <synonyms names="" />
        <nogo>
          <s />
          <w />
          <ne />
          <nw />
          <e>The giant debris pile blocks the exit.</e>
          <se />
          <sw />
          <n />
          <up>The debris pile is too steep.</up>
          <down />
        </nogo>
      </object>
      <object id="11" holder="0" name="TUNNEL_JUNCTION" printedname="Tunnel Junction">
        <description>You are at a tunnel junction. Tunnels extend east, west, and south.</description>
        <initialdescription />
        <directions n="255" s="12" e="10" w="17" ne="255" se="255" sw="255" nw="255" up="255" down="255" in="255" out="255" mass="0" />
        <flags scenery="0" portable="0" container="0" supporter="0" transparent="0" openable="0" open="0" wearable="0" emittinglight="0" locked="0" lockable="0" beingworn="0" door="0" />
        <synonyms names="" />
        <nogo />
      </object>
      <object id="12" holder="0" name="STAFF_ROOM" printedname="Staff Room">
        <description>This is a small office area. Doorways leads north and south.  An office door  is to the east. On the west wall is a large map.</description>
        <initialdescription />
        <directions n="11" s="13" e="14" w="255" ne="255" se="255" sw="255" nw="255" up="255" down="255" in="255" out="255" mass="0" />
        <flags scenery="0" portable="0" container="0" supporter="0" transparent="0" openable="0" open="0" wearable="0" emittinglight="0" locked="0" lockable="0" beingworn="0" door="0" />
        <synonyms names="" />
        <nogo />
      </object>
      <object id="13" holder="0" name="BATHROOM" printedname="Bathroom">
        <description>This is a dank lavatory. A doorway leads north.</description>
        <initialdescription />
        <directions n="12" s="255" e="255" w="255" ne="255" se="255" sw="255" nw="255" up="255" down="255" in="255" out="12" mass="0" />
        <flags scenery="0" portable="0" container="0" supporter="0" transparent="0" openable="0" open="0" wearable="0" emittinglight="0" locked="0" lockable="0" beingworn="0" door="0" />
        <synonyms names="" />
        <nogo>
          <s>The only exit is to the north.</s>
          <w>The only exit is to the north.</w>
          <ne>The only exit is to the north.</ne>
          <nw>The only exit is to the north.</nw>
          <e>The only exit is to the north.</e>
          <se>The only exit is to the north.</se>
          <sw>The only exit is to the north.</sw>
        </nogo>
      </object>
      <object id="14" holder="12" name="door" printedname="door">
        <description>The door sports a large lock.</description>
        <initialdescription />
        <directions n="255" s="255" e="15" w="12" ne="255" se="255" sw="255" nw="255" up="255" down="255" in="255" out="255" mass="0" />
        <flags scenery="1" portable="0" container="0" supporter="0" transparent="0" openable="1" open="0" wearable="0" emittinglight="0" locked="1" lockable="1" beingworn="0" user1="0" door="1" />
        <synonyms names="" />
        <nogo>
          <s />
          <w />
          <ne />
          <nw />
          <e />
          <se />
          <sw />
          <n />
          <up />
          <down />
        </nogo>
      </object>
      <object id="15" holder="0" name="SMALL_OFFICE" printedname="Small Office">
        <description>This is a small office. A door leads west.</description>
        <initialdescription />
        <directions n="255" s="255" e="255" w="12" ne="255" se="255" sw="255" nw="255" up="255" down="255" in="255" out="12" mass="0" />
        <flags scenery="0" portable="0" container="0" supporter="0" transparent="0" openable="0" open="0" wearable="0" emittinglight="0" locked="0" lockable="0" beingworn="0" door="0" />
        <synonyms names="" />
        <nogo />
      </object>
      <object id="16" holder="0" name="DOWNWARD_SLOPING_TUNNEL" printedname="Downward Sloping Tunnel">
        <description>This is a long east-west tunnel that slopes downward toward the west. A smaller tunnel extends to the north.</description>
        <initialdescription />
        <directions n="20" s="255" e="17" w="21" ne="255" se="255" sw="255" nw="255" up="255" down="255" in="255" out="255" mass="0" />
        <flags scenery="0" portable="0" container="0" supporter="0" transparent="0" openable="0" open="0" wearable="0" emittinglight="0" locked="0" lockable="0" beingworn="0" door="0" />
        <synonyms names="" />
        <nogo />
      </object>
      <object id="17" holder="0" name="FOUR_WAY_JUNCTION" printedname="Four Way Junction">
        <description>This is a four way junction.  Passages lead north, south, east and west.</description>
        <initialdescription />
        <directions n="19" s="18" e="11" w="16" ne="255" se="255" sw="255" nw="255" up="255" down="255" in="255" out="255" mass="0" />
        <flags scenery="0" portable="0" container="0" supporter="0" transparent="0" openable="0" open="0" wearable="0" emittinglight="0" locked="0" lockable="0" beingworn="0" door="0" />
        <nogo />
      </object>
      <object id="18" holder="0" name="SOUTH_TUNNEL" printedname="South Tunnel">
        <description>This is a large, north-south tunnel that ends abruptly where it has collapsed at its southern end.  A smaller tunnel leads off to the west. Scorch marks suggest the tunnel entrance was destroyed deliberately.</description>
        <initialdescription />
        <directions n="17" s="255" e="255" w="65" ne="255" se="255" sw="255" nw="255" up="255" down="255" in="255" out="255" mass="0" />
        <flags scenery="0" portable="0" container="0" supporter="0" transparent="0" openable="0" open="0" wearable="0" emittinglight="0" locked="0" lockable="0" beingworn="0" door="0" />
        <synonyms names="" />
        <nogo>
          <s>The tunnel stops abruptly where it was intentionally dynamited.</s>
        </nogo>
      </object>
      <object id="19" holder="0" name="VAST_WORKHALL" printedname="Vast Workhall">
        <description>You have entered a vast subterranean work hall carved out of the native limestone. It was apparently gutted of equipment before it was abandoned. There is an exit to the south.</description>
        <initialdescription />
        <directions n="255" s="17" e="255" w="255" ne="255" se="255" sw="255" nw="255" up="255" down="255" in="255" out="255" mass="0" />
        <flags scenery="0" portable="0" container="0" supporter="0" transparent="0" openable="0" open="0" wearable="0" emittinglight="0" locked="0" lockable="0" beingworn="0" door="0" />
        <synonyms names="" />
        <nogo />
      </object>
      <object id="20" holder="0" name="MACHINERY_ROOM" printedname="Machinery Room">
        <description>This is a small chamber housing deteriorating machinery.  A metal box labelled, 'sicherungskasten' is mounted on the east wall. A voltmeter is wired to the metal box. To the south is an east-west running tunnel.</description>
        <initialdescription />
        <directions n="255" s="16" e="255" w="255" ne="255" se="255" sw="255" nw="255" up="255" down="255" in="255" out="255" mass="0" />
        <flags scenery="0" portable="0" container="0" supporter="0" transparent="0" openable="0" open="0" wearable="0" emittinglight="0" locked="0" lockable="0" beingworn="0" door="0" />
        <synonyms names="" />
        <nogo />
      </object>
      <object id="21" holder="0" name="FLOODED_TUNNEL" printedname="Flooded Tunnel">
        <description>This is a low point in the main e-w tunnel.</description>
        <initialdescription />
        <directions n="255" s="255" e="16" w="255" ne="255" se="255" sw="255" nw="255" up="255" down="255" in="255" out="255" mass="0" />
        <flags scenery="0" portable="0" container="0" supporter="0" transparent="0" openable="0" open="0" wearable="0" emittinglight="0" locked="0" lockable="0" beingworn="0" door="0" />
        <nogo>
          <w>The tunnel is flooded at that end.</w>
          <nw>The tunnel is flooded at that end.</nw>
          <sw>The tunnel is flooded at that end.</sw>
        </nogo>
      </object>
      <object id="22" holder="0" name="RADIO_WORKS" printedname="Radio Works">
        <description>This is a large chamber, formerly dedicated to the production of radio tubes.  The only exit is to the northeast.</description>
        <initialdescription />
        <directions n="255" s="255" e="255" w="255" ne="21" se="255" sw="255" nw="255" up="255" down="255" in="255" out="255" mass="0" />
        <flags scenery="0" portable="0" container="0" supporter="0" transparent="0" openable="0" open="0" wearable="0" emittinglight="0" locked="0" lockable="0" beingworn="0" door="0" />
        <synonyms names="" />
        <nogo />
      </object>
      <object id="23" holder="0" name="BASE_OF_SHAFT" printedname="Base of Shaft">
        <description>This is the base of a ventilation shaft. Rungs anchored into the concrete lead up, while an exit leads to the southeast.</description>
        <initialdescription />
        <directions n="255" s="255" e="255" w="255" ne="255" se="21" sw="255" nw="255" up="24" down="255" in="255" out="255" mass="0" />
        <flags scenery="0" portable="0" container="0" supporter="0" transparent="0" openable="0" open="0" wearable="0" emittinglight="0" locked="0" lockable="0" beingworn="0" door="0" />
        <nogo>
          <s>The only exists are up and southeast.</s>
          <w>The only exists are up and southeast.</w>
          <e>The only exists are up and southeast.</e>
          <n>The only exists are up and southeast</n>
        </nogo>
      </object>
      <object id="24" holder="0" name="ON_LADDER" printedname="On Ladder">
        <description>You are on a ladder half-way up a ventilation shaft.</description>
        <initialdescription />
        <directions n="255" s="255" e="255" w="255" ne="255" se="255" sw="255" nw="255" up="255" down="23" in="255" out="255" mass="0" />
        <flags scenery="0" portable="0" container="0" supporter="0" transparent="0" openable="0" open="0" wearable="0" emittinglight="0" locked="0" lockable="0" beingworn="0" door="0" />
        <nogo>
          <up>As you attempt to climb the ladder, bees begin to swarm around you, forcing you back down.</up>
        </nogo>
      </object>
      <object id="25" holder="0" name="TOP_OF_SHAFT" printedname="Top of Shaft">
        <description>You are at the top of a ventilation shaft. A metal cupola, held in place by large bolts, caps the shaft.</description>
        <initialdescription />
        <directions n="255" s="255" e="255" w="255" ne="255" se="255" sw="255" nw="255" up="255" down="24" in="255" out="26" mass="0" />
        <flags scenery="0" portable="0" container="0" supporter="0" transparent="0" openable="0" open="0" wearable="0" emittinglight="0" locked="0" lockable="0" beingworn="0" door="0" />
        <synonyms names="" />
        <nogo>
          <s />
          <w />
          <ne />
          <nw />
          <e />
          <se />
          <sw />
          <n />
          <up>The metal cupola blocks your way.</up>
          <down />
        </nogo>
      </object>
      <object id="26" holder="0" name="TOP_OF_HILL" printedname="Top of Hill">
        <description>You are standing atop a high escarpment surround by thick forest. To the south, you can make out the town of Terezin on the far side of the Danube river. An airshaft leads down into an abandoned german factory complex.</description>
        <initialdescription />
        <directions n="255" s="255" e="255" w="255" ne="255" se="255" sw="255" nw="255" up="255" down="25" in="255" out="255" mass="0" />
        <flags scenery="0" portable="0" container="0" supporter="0" transparent="0" openable="0" open="0" wearable="0" emittinglight="1" locked="0" lockable="0" beingworn="0" user1="1" door="0" />
        <synonyms names="" />
        <nogo />
      </object>
      <object id="27" holder="10" name="PILE_OF_LEAVES" printedname="pile of leaves">
        <description>You notice nothing unexpected.</description>
        <initialdescription>A pile of damp leaves, blown in by the wind, lies on the ground.</initialdescription>
        <directions n="255" s="255" e="255" w="255" ne="255" se="255" sw="255" nw="255" up="255" down="255" in="255" out="255" mass="9" />
        <flags scenery="0" portable="1" container="0" supporter="0" transparent="0" openable="0" open="0" wearable="0" emittinglight="0" locked="0" lockable="0" beingworn="0" door="0" />
        <synonyms names="" />
        <nogo>
          <down />
        </nogo>
      </object>
      <object id="28" holder="0" name="TABLE" printedname="table">
        <description>You notice nothing unexpected.</description>
        <initialdescription>There is a large table in the center of the room.</initialdescription>
        <directions n="255" s="255" e="255" w="255" ne="255" se="255" sw="255" nw="255" up="255" down="255" in="255" out="255" mass="0" />
        <flags scenery="0" portable="0" container="0" supporter="1" transparent="0" openable="0" open="0" wearable="0" emittinglight="0" locked="0" lockable="0" beingworn="0" door="0" />
        <synonyms names="" />
        <nogo>
          <down />
        </nogo>
      </object>
      <object id="29" holder="15" name="RUBBER_STAMP" printedname="rubber stamp">
        <description>The date on the stamp is set to march 10th, 1945.</description>
        <initialdescription>A rubber stamp, used for postmarking mail, lies on the desk</initialdescription>
        <directions n="255" s="255" e="255" w="255" ne="255" se="255" sw="255" nw="255" up="255" down="255" in="255" out="255" mass="0" />
        <flags scenery="0" portable="1" container="0" supporter="0" transparent="0" openable="0" open="0" wearable="0" emittinglight="0" locked="0" lockable="0" beingworn="0" door="0" />
        <synonyms names="" />
        <nogo />
      </object>
      <object id="30" holder="0" name="PAPERCLIP" printedname="paperclip">
        <description>You notice nothing unexpected.</description>
        <initialdescription />
        <directions n="255" s="255" e="255" w="255" ne="255" se="255" sw="255" nw="255" up="255" down="255" in="255" out="255" mass="0" />
        <flags scenery="0" portable="1" container="0" supporter="0" transparent="0" openable="0" open="0" wearable="0" emittinglight="0" locked="0" lockable="0" beingworn="0" door="0" />
        <synonyms names="WIRE,CLIP" />
        <nogo>
          <down />
        </nogo>
      </object>
      <object id="31" holder="12" name="LOCK" printedname="lock">
        <description>The metal lock is inset into the door.</description>
        <initialdescription />
        <directions n="255" s="255" e="255" w="255" ne="255" se="255" sw="255" nw="255" up="255" down="255" in="255" out="255" mass="0" />
        <flags scenery="1" portable="0" container="0" supporter="0" transparent="0" openable="0" open="0" wearable="0" emittinglight="0" locked="0" lockable="0" beingworn="0" door="0" />
        <synonyms names="" />
        <nogo>
          <down />
        </nogo>
      </object>
      <object id="32" holder="4" name="FLASHLIGHT" printedname="flashlight">
        <description>The flashlight is rusted shut, but otherwise intact.</description>
        <initialdescription>A discarded flashlight lies on the ground.</initialdescription>
        <directions n="255" s="255" e="255" w="255" ne="255" se="255" sw="255" nw="255" up="255" down="255" in="255" out="255" mass="1" />
        <flags scenery="0" portable="1" container="0" supporter="0" transparent="0" openable="0" open="0" wearable="0" emittinglight="0" locked="0" lockable="0" beingworn="0" user1="0" door="0" />
        <synonyms names="LIGHT,LAMP" />
        <nogo>
          <down />
        </nogo>
      </object>
      <object id="33" holder="15" name="SMALL_OFFICE_SAFE" printedname="small office safe">
        <description>The small office safe was apparently cleaned out when the previous occupiers evacuated.</description>
        <initialdescription>A small office safe sits on the floor.</initialdescription>
        <directions n="255" s="255" e="255" w="255" ne="255" se="255" sw="255" nw="255" up="255" down="255" in="255" out="255" mass="0" />
        <flags scenery="0" portable="0" container="1" supporter="0" transparent="0" openable="1" open="0" wearable="0" emittinglight="0" locked="0" lockable="0" beingworn="0" door="0" />
        <synonyms names="" />
        <nogo>
          <s />
          <w />
          <ne />
          <nw />
          <e />
          <se />
          <sw />
          <n />
          <up />
          <down />
        </nogo>
      </object>
      <object id="34" holder="13" name="FILTHY_TOILET" printedname="filthy toilet">
        <description>The inside of the bowl is charred. It appears it was used as a place to burn documents.</description>
        <initialdescription>A filthy toilet sits in the corner.</initialdescription>
        <directions n="255" s="255" e="255" w="255" ne="255" se="255" sw="255" nw="255" up="255" down="255" in="255" out="255" mass="0" />
        <flags scenery="0" portable="0" container="1" supporter="0" transparent="0" openable="0" open="1" wearable="0" emittinglight="0" locked="0" lockable="0" beingworn="0" door="0" />
        <synonyms names="BOWL" />
        <nogo>
          <down />
        </nogo>
      </object>
      <object id="35" holder="34" name="PILE_OF_GUNK" printedname="pile of gunk">
        <description>The gunk appears to be charred papers, which have decayed as a result of the cavern's high humidity.</description>
        <initialdescription />
        <directions n="255" s="255" e="255" w="255" ne="255" se="255" sw="255" nw="255" up="255" down="255" in="255" out="255" mass="0" />
        <flags scenery="0" portable="1" container="0" supporter="0" transparent="0" openable="0" open="0" wearable="0" emittinglight="0" locked="0" lockable="0" beingworn="0" door="0" />
        <synonyms names="GUNK" />
        <nogo>
          <down />
        </nogo>
      </object>
      <object id="36" holder="56" name="CIGARETTE_LIGHTER" printedname="cigarette lighter">
        <description>The metal lighter is adorned with a raised eagle holding a wreath.</description>
        <initialdescription />
        <directions n="255" s="255" e="255" w="255" ne="255" se="255" sw="255" nw="255" up="255" down="255" in="255" out="255" mass="0" />
        <flags scenery="0" portable="1" container="0" supporter="0" transparent="0" openable="0" open="0" wearable="0" emittinglight="0" locked="0" lockable="0" beingworn="0" door="0" />
        <synonyms names="" />
        <nogo />
      </object>
      <object id="37" holder="21" name="WATER" printedname="water">
        <description>The water rises to the roof of the tunnel at its western end.</description>
        <initialdescription>Rising water blocks the western end of the tunnel.</initialdescription>
        <directions n="255" s="255" e="255" w="255" ne="255" se="255" sw="255" nw="255" up="255" down="255" in="255" out="255" mass="0" />
        <flags scenery="0" portable="0" container="1" supporter="0" transparent="0" openable="0" open="0" wearable="0" emittinglight="0" locked="0" lockable="0" beingworn="0" door="0" />
        <synonyms names="" />
        <nogo />
      </object>
      <object id="38" holder="12" name="MAP" printedname="map">
        <description>The map apparently shows the layout of this complex.  Three large chambers are labelled Richard I,II, and III.  Some tunnels have been crossed out in red.</description>
        <initialdescription />
        <directions n="255" s="255" e="255" w="255" ne="255" se="255" sw="255" nw="255" up="255" down="255" in="255" out="255" mass="0" />
        <flags scenery="1" portable="0" container="0" supporter="0" transparent="0" openable="0" open="0" wearable="0" emittinglight="0" locked="0" lockable="0" beingworn="0" door="0" />
        <synonyms names="" />
        <nogo />
      </object>
      <object id="39" holder="20" name="MACHINE" printedname="machine">
        <description>The large machine with numerous pipes running through it occupies most of the room.</description>
        <initialdescription />
        <directions n="255" s="255" e="255" w="255" ne="255" se="255" sw="255" nw="255" up="255" down="255" in="255" out="255" mass="0" />
        <flags scenery="1" portable="0" container="0" supporter="0" transparent="0" openable="0" open="0" wearable="0" emittinglight="0" locked="0" lockable="0" beingworn="0" door="0" />
        <synonyms names="PUMP,PUMPS" />
        <nogo />
      </object>
      <object id="40" holder="0" name="RUSTING_CRANKSHAFT" printedname="rusting crankshaft">
        <description>This large crankshaft never made it into a tank engine.</description>
        <initialdescription>A large crankshaft lies rusting on the ground.</initialdescription>
        <directions n="255" s="255" e="255" w="255" ne="255" se="255" sw="255" nw="255" up="255" down="255" in="255" out="255" mass="0" />
        <flags scenery="1" portable="0" container="0" supporter="0" transparent="0" openable="0" open="0" wearable="0" emittinglight="0" locked="0" lockable="0" beingworn="0" door="0" />
        <synonyms names="" />
        <nogo>
          <s />
          <w />
          <ne />
          <nw />
          <e />
          <se />
          <sw />
          <n />
          <up />
          <down />
        </nogo>
      </object>
      <object id="41" holder="25" name="CUPOLA" printedname="cupola">
        <description>The cupola is a small, raised steel dome.</description>
        <initialdescription />
        <directions n="255" s="255" e="255" w="255" ne="255" se="255" sw="255" nw="255" up="255" down="255" in="255" out="255" mass="1" />
        <flags scenery="1" portable="0" container="0" supporter="0" transparent="0" openable="1" open="0" wearable="0" emittinglight="0" locked="0" lockable="0" beingworn="0" door="0" />
        <synonyms names="" />
        <nogo />
      </object>
      <object id="42" holder="19" name="WRENCH" printedname="wrench">
        <description>You notice nothing unexpected.</description>
        <initialdescription>A rusted wrench lies on the floor.</initialdescription>
        <directions n="255" s="255" e="255" w="255" ne="255" se="255" sw="255" nw="255" up="255" down="255" in="255" out="255" mass="1" />
        <flags scenery="0" portable="1" container="0" supporter="0" transparent="0" openable="0" open="0" wearable="0" emittinglight="0" locked="0" lockable="0" beingworn="0" door="0" />
        <synonyms names="" />
        <nogo />
      </object>
      <object id="43" holder="1" name="NOSE" printedname="nose">
        <description>Your nose is fine. Stop worrying about it.</description>
        <initialdescription />
        <directions n="255" s="255" e="255" w="255" ne="255" se="255" sw="255" nw="255" up="255" down="255" in="255" out="255" mass="0" />
        <flags scenery="1" portable="0" container="0" supporter="0" transparent="0" openable="0" open="0" wearable="0" emittinglight="0" locked="0" lockable="0" beingworn="0" user1="0" door="0" />
        <synonyms names="" />
        <nogo />
      </object>
      <object id="44" holder="0" name="SUN" printedname="sun">
        <description>The sun is hidden behind the gray overcast.</description>
        <initialdescription />
        <directions n="255" s="255" e="255" w="255" ne="255" se="255" sw="255" nw="255" up="255" down="255" in="255" out="255" mass="0" />
        <flags scenery="1" portable="0" container="0" supporter="0" transparent="0" openable="0" open="0" wearable="0" emittinglight="0" locked="0" lockable="0" beingworn="0" door="0" />
        <nogo />
        <backdrop rooms="2,5,6,7">jhjhjhg</backdrop>
      </object>
      <object id="45" holder="20" name="VOLT_METER" printedname="volt meter">
        <description>The needle indicates zero voltage.</description>
        <initialdescription />
        <directions n="255" s="255" e="255" w="255" ne="255" se="255" sw="255" nw="255" up="255" down="255" in="255" out="255" mass="0" />
        <flags scenery="1" portable="0" container="0" supporter="0" transparent="0" openable="0" open="0" wearable="0" emittinglight="0" locked="0" lockable="0" beingworn="0" door="0" />
        <synonyms names="VOLTMETER" />
        <nogo />
      </object>
      <object id="46" holder="33" name="COIN" printedname="coin">
        <description>The coin is a Czech koruna.  The date on it reads 1929.</description>
        <initialdescription />
        <directions n="255" s="255" e="255" w="255" ne="255" se="255" sw="255" nw="255" up="255" down="255" in="255" out="255" mass="0" />
        <flags scenery="0" portable="1" container="0" supporter="0" transparent="0" openable="0" open="0" wearable="0" emittinglight="0" locked="0" lockable="0" beingworn="0" door="0" />
        <synonyms names="" />
        <nogo />
      </object>
      <object id="47" holder="22" name="WOODEN_CRATE" printedname="wooden crate">
        <description>The wooden crate is nailed shut.</description>
        <initialdescription>A large wooden crate sits in the center of the chamber.</initialdescription>
        <directions n="255" s="255" e="255" w="255" ne="255" se="255" sw="255" nw="255" up="255" down="255" in="255" out="255" mass="9" />
        <flags scenery="0" portable="1" container="0" supporter="0" transparent="0" openable="0" open="0" wearable="0" emittinglight="0" locked="0" lockable="0" beingworn="0" door="0" />
        <synonyms names="" />
        <nogo />
      </object>
      <object id="48" holder="0" name="SPLINTERED_WOOD" printedname="splintered wood">
        <description>The former wooden crate is now smashed.</description>
        <initialdescription>A pile of broken wood (formerly a crate), is here.</initialdescription>
        <directions n="255" s="255" e="255" w="255" ne="255" se="255" sw="255" nw="255" up="255" down="255" in="255" out="255" mass="0" />
        <flags scenery="0" portable="0" container="0" supporter="0" transparent="0" openable="0" open="0" wearable="0" emittinglight="0" locked="0" lockable="0" beingworn="0" door="0" />
        <synonyms names="" />
        <nogo />
      </object>
      <object id="49" holder="48" name="GOLD_BARS" printedname="gold bars">
        <description>Ooooh...Shiny!</description>
        <initialdescription>A pile of shiny gold bars lie on top of the smashed crate.</initialdescription>
        <directions n="255" s="255" e="255" w="255" ne="255" se="255" sw="255" nw="255" up="255" down="255" in="255" out="255" mass="5" />
        <flags scenery="0" portable="1" container="0" supporter="0" transparent="0" openable="0" open="0" wearable="0" emittinglight="0" locked="0" lockable="0" beingworn="0" door="0" />
        <synonyms names="BARS" />
        <nogo />
      </object>
      <object id="50" holder="8" name="CREVICE" printedname="crevice">
        <description>The gap is too dark to see into.</description>
        <initialdescription />
        <directions n="255" s="255" e="255" w="255" ne="255" se="255" sw="255" nw="255" up="255" down="255" in="255" out="255" mass="0" />
        <flags scenery="1" portable="0" container="0" supporter="0" transparent="0" openable="0" open="0" wearable="0" emittinglight="0" locked="0" lockable="0" beingworn="0" door="0" />
        <synonyms names="gap" />
        <nogo />
      </object>
      <object id="51" holder="25" name="BOLTS" printedname="bolts">
        <description>The rusted bolts are securing the cupola in place.</description>
        <initialdescription />
        <directions n="255" s="255" e="255" w="255" ne="255" se="255" sw="255" nw="255" up="255" down="255" in="255" out="255" mass="0" />
        <flags scenery="1" portable="0" container="0" supporter="0" transparent="0" openable="0" open="0" wearable="0" emittinglight="0" locked="0" lockable="0" beingworn="0" door="0" />
        <synonyms names="" />
        <nogo />
      </object>
      <object id="52" holder="0" name="DEBRIS" printedname="debris">
        <description>The debris pile consists of concrete and large rocks - a result of the tunnel being intentionally dynamited.</description>
        <initialdescription />
        <directions n="255" s="255" e="255" w="255" ne="255" se="255" sw="255" nw="255" up="255" down="255" in="255" out="255" mass="0" />
        <flags scenery="1" portable="0" container="0" supporter="0" transparent="0" openable="0" open="0" wearable="0" emittinglight="0" locked="0" lockable="0" beingworn="0" door="0" />
        <synonyms names="ROCKS,DEBRIS,PILE" />
        <nogo />
        <backdrop rooms="5,8,9,10,18" />
      </object>
      <object id="53" holder="0" name="FOREST53" printedname="Forest">
        <description>The forest is a tangled mass of thickets and elderly deciduous trees.</description>
        <initialdescription />
        <directions n="255" s="255" e="255" w="255" ne="255" se="255" sw="255" nw="255" up="255" down="255" in="255" out="255" mass="0" />
        <flags scenery="0" portable="0" container="0" supporter="0" transparent="0" openable="0" open="0" wearable="0" emittinglight="0" locked="0" lockable="0" beingworn="0" user1="0" door="0" />
        <synonyms names="WOODS,TREES,FOREST" />
        <nogo />
        <backdrop rooms="2,5,6,7,8" />
      </object>
      <object id="54" holder="55" name="SMALL_ROUND_RECESS" printedname="small round recess">
        <description>The shallow, circular recess is threaded as though it was designed to have something screwed into it.</description>
        <initialdescription />
        <directions n="255" s="255" e="255" w="255" ne="255" se="255" sw="255" nw="255" up="255" down="255" in="255" out="255" mass="0" />
        <flags scenery="0" portable="0" container="1" supporter="0" transparent="0" openable="0" open="1" wearable="0" emittinglight="0" locked="0" lockable="0" beingworn="0" door="0" />
        <synonyms names="" />
        <nogo />
        <backdrop />
      </object>
      <object id="55" holder="20" name="METAL_BOX" printedname="metal box">
        <description>The hinged, metal box is labeled 'sicherungskasten'.</description>
        <initialdescription />
        <directions n="255" s="255" e="255" w="255" ne="255" se="255" sw="255" nw="255" up="255" down="255" in="255" out="255" mass="0" />
        <flags scenery="1" portable="0" container="1" supporter="0" transparent="0" openable="1" open="0" wearable="0" emittinglight="0" locked="0" lockable="0" beingworn="0" door="0" />
        <synonyms />
        <nogo />
        <backdrop />
      </object>
      <object id="56" holder="15" name="DESK" printedname="desk">
        <description>The heavy desk was apparently not worth taking when the occupiers left.</description>
        <initialdescription>A large desk occupies one corner of the room.</initialdescription>
        <directions n="255" s="255" e="255" w="255" ne="255" se="255" sw="255" nw="255" up="255" down="255" in="255" out="255" mass="0" />
        <flags scenery="0" portable="0" container="1" supporter="0" transparent="0" openable="1" open="0" wearable="0" emittinglight="0" locked="0" lockable="0" beingworn="0" door="0" />
        <synonyms />
        <nogo />
        <backdrop />
      </object>
      <object id="57" holder="0" name="Forest" printedname="Forest">
        <description>Your are standing in the midst of dense forest.  A rusting, overgrown barbed wire fence, blocks the way north.</description>
        <initialdescription />
        <directions n="255" s="60" e="59" w="59" ne="59" se="255" sw="61" nw="59" up="255" down="255" in="255" out="255" mass="0" />
        <flags scenery="0" portable="0" container="0" supporter="0" transparent="0" openable="0" open="0" wearable="0" emittinglight="1" locked="0" lockable="0" beingworn="0" user1="1" door="0" />
        <synonyms names="" />
        <nogo>
          <s />
          <w />
          <ne />
          <nw />
          <e />
          <se />
          <sw />
          <n>The rusted barbed wire fence blocks your path.</n>
          <up>There are no trees suitable for climbing.</up>
          <down />
        </nogo>
        <backdrop />
      </object>
      <object id="58" holder="57" name="ROTTING_TREE" printedname="rotting tree">
        <description>The trunk is heavily rotted.</description>
        <initialdescription>Nearby, a dead tree leans precarioulsy.</initialdescription>
        <directions n="255" s="255" e="255" w="255" ne="255" se="255" sw="255" nw="255" up="255" down="255" in="255" out="255" mass="0" />
        <flags scenery="0" portable="0" container="0" supporter="0" transparent="0" openable="0" open="0" wearable="0" emittinglight="0" locked="0" lockable="0" beingworn="0" door="0" />
        <synonyms />
        <nogo />
        <backdrop />
      </object>
      <object id="59" holder="0" name="FOREST59" printedname="Forest">
        <description>This is a dense forest which extends in all directions.</description>
        <initialdescription />
        <directions n="57" s="60" e="57" w="59" ne="57" se="255" sw="60" nw="57" up="255" down="255" in="255" out="255" mass="0" />
        <flags scenery="0" portable="0" container="0" supporter="0" transparent="0" openable="0" open="0" wearable="0" emittinglight="1" locked="0" lockable="0" beingworn="0" user1="1" door="0" />
        <synonyms names="" />
        <nogo />
        <backdrop />
      </object>
      <object id="60" holder="0" name="FOREST60" printedname="Forest">
        <description>This is a dense forest which extends in all directions. Towards the north, the vegetation appears to thin.</description>
        <initialdescription />
        <directions n="57" s="59" e="59" w="59" ne="57" se="255" sw="59" nw="57" up="59" down="255" in="255" out="255" mass="0" />
        <flags scenery="0" portable="0" container="0" supporter="0" transparent="0" openable="0" open="0" wearable="0" emittinglight="1" locked="0" lockable="0" beingworn="0" user1="1" door="0" />
        <synonyms />
        <nogo>
          <s />
          <w />
          <ne />
          <nw />
          <e />
          <se />
          <sw />
          <n />
          <up>There are no trees suitable for climbing.</up>
          <down />
        </nogo>
        <backdrop />
      </object>
      <object id="61" holder="0" name="FOREST61" printedname="Forest">
        <description>This is a forest which extends in all directions.  The terrain rises slightly northward.</description>
        <initialdescription />
        <directions n="60" s="61" e="59" w="59" ne="60" se="255" sw="61" nw="60" up="255" down="255" in="255" out="255" mass="0" />
        <flags scenery="0" portable="0" container="0" supporter="0" transparent="0" openable="0" open="0" wearable="0" emittinglight="1" locked="0" lockable="0" beingworn="0" user1="1" door="0" />
        <synonyms names="" />
        <nogo>
          <s />
          <w />
          <ne />
          <nw />
          <e />
          <se />
          <sw />
          <n />
          <up>There are no trees suitable for climbing.</up>
          <down />
        </nogo>
        <backdrop />
      </object>
      <object id="62" holder="57" name="BARBED_WIRE_FENCE" printedname="barbed wire fence">
        <description>The barbed wire fence has rusted after many years exposed to the elements.</description>
        <initialdescription />
        <directions n="255" s="255" e="255" w="255" ne="255" se="255" sw="255" nw="255" up="255" down="255" in="255" out="255" mass="0" />
        <flags scenery="1" portable="0" container="0" supporter="0" transparent="0" openable="0" open="0" wearable="0" emittinglight="0" locked="0" lockable="0" beingworn="0" door="0" />
        <synonyms names="" />
        <nogo />
        <backdrop />
      </object>
      <object id="63" holder="0" name="OVERGROWN_ROAD" printedname="Overgrown Road">
        <description>You are on an overgrown dirt road that runs north-south.  There is forest to the east,west, and south.</description>
        <initialdescription />
        <directions n="2" s="57" e="255" w="255" ne="255" se="255" sw="255" nw="255" up="255" down="255" in="255" out="255" mass="0" />
        <flags scenery="0" portable="0" container="0" supporter="0" transparent="0" openable="0" open="0" wearable="0" emittinglight="1" locked="0" lockable="0" beingworn="0" user1="1" door="0" />
        <synonyms />
        <nogo>
          <s />
          <w>The forest is too thick.</w>
          <ne>The forest is too thick.</ne>
          <nw>The forest is too thick.</nw>
          <e>The forest is too thick.</e>
          <se>The forest is too thick.</se>
          <sw>The forest is too thick.</sw>
          <n />
          <up />
          <down />
        </nogo>
        <backdrop />
      </object>
      <object id="64" holder="65" name="PAIR_OF_GLOVES" printedname="pair of gloves">
        <description>The gloves appear to be made from a rubberized leather.</description>
        <initialdescription>A pair of gloves lies on the ground.</initialdescription>
        <directions n="255" s="255" e="255" w="255" ne="255" se="255" sw="255" nw="255" up="255" down="255" in="255" out="255" mass="0" />
        <flags scenery="0" portable="1" container="0" supporter="0" transparent="0" openable="0" open="0" wearable="1" emittinglight="0" locked="0" lockable="0" beingworn="0" door="0" />
        <synonyms />
        <nogo />
        <backdrop />
      </object>
      <object id="65" holder="0" name="COLLAPSED_TUNNEL" printedname="Collapsed Tunnel">
        <description>The western end of this tunnel has collapsed.  The only exit is back to the east.</description>
        <initialdescription />
        <directions n="255" s="255" e="18" w="255" ne="255" se="255" sw="255" nw="255" up="255" down="255" in="255" out="255" mass="0" />
        <flags scenery="0" portable="0" container="0" supporter="0" transparent="0" openable="0" open="0" wearable="0" emittinglight="0" locked="0" lockable="0" beingworn="0" door="0" />
        <synonyms />
        <nogo />
        <backdrop />
      </object>
      <object id="66" holder="61" name="trees" printedname="trees">
        <description>The trees in the area seem to be old deciduous trees.</description>
        <initialdescription />
        <directions n="255" s="255" e="255" w="255" ne="255" se="255" sw="255" nw="255" up="255" down="255" in="255" out="255" mass="0" />
        <flags scenery="1" portable="0" container="0" supporter="0" transparent="0" openable="0" open="0" wearable="0" emittinglight="0" locked="0" lockable="0" beingworn="0" door="0" />
        <synonyms />
        <nogo />
        <backdrop />
      </object>
      <object id="67" holder="0" name="OBJECT 67" printedname="OBJECT 67">
        <description>You notice nothing unexpected.</description>
        <initialdescription />
        <directions n="255" s="255" e="255" w="255" ne="255" se="255" sw="255" nw="255" up="255" down="255" in="255" out="255" mass="0" />
        <flags scenery="0" portable="0" container="0" supporter="0" transparent="0" openable="1" open="1" wearable="0" emittinglight="0" locked="1" lockable="1" beingworn="0" user1="0" door="1" user2="0" />
        <synonyms />
        <nogo>
          <s />
          <w />
          <ne />
          <nw />
          <e />
          <se />
          <sw />
          <n />
          <up />
          <down />
        </nogo>
        <backdrop />
      </object>
    </objects>
    <checks>
      <check verb="burn" check="check_dobj_supplied" />
      <check verb="burn" check="check_see_dobj" />
      <check verb="close" check="check_dobj_supplied" />
      <check verb="close" check="check_dobj_open" />
      <check verb="close" check="check_see_dobj" />
      <check verb="drink" check="check_dobj_supplied" />
      <check verb="drink" check="check_see_dobj" />
      <check verb="drink" check="check_have_dobj" />
      <check verb="drop" check="check_dobj_supplied" />
      <check verb="drop" check="check_see_dobj" />
      <check verb="drop" check="check_have_dobj" />
      <check verb="eat" check="check_dobj_supplied" />
      <check verb="eat" check="check_see_dobj" />
      <check verb="enter" check="check_dobj_supplied" />
      <check verb="enter" check="check_see_dobj" />
      <check verb="examine" check="check_dobj_supplied" />
      <check verb="examine" check="check_see_dobj" />
      <check verb="fill" check="check_see_dobj" />
      <check verb="flush" check="check_see_dobj" />
      <check verb="get" check="check_dobj_supplied" />
      <check verb="get" check="check_see_dobj" />
      <check verb="get" check="check_weight" />
      <check verb="get" check="check_dont_have_dobj" />
      <check verb="get" check="check_dobj_portable" />
      <check verb="kill" check="check_dobj_supplied" />
      <check verb="kill" check="check_see_dobj" />
      <check verb="light" check="check_dobj_supplied" />
      <check verb="light" check="check_see_dobj" />
      <check verb="light" check="check_have_dobj" />
      <check verb="open" check="check_dobj_supplied" />
      <check verb="open" check="check_see_dobj" />
      <check verb="open" check="check_dobj_opnable" />
      <check verb="close" check="check_dobj_opnable" />
      <check verb="pick" check="check_dobj_supplied" />
      <check verb="pick" check="check_see_dobj" />
      <check verb="put" check="check_dobj_supplied" />
      <check verb="put" check="check_see_dobj" />
      <check verb="put" check="check_prep_supplied" />
      <check verb="put" check="check_iobj_supplied" />
      <check verb="put" check="check_not_self_or_child" />
      <check verb="turn on" check="check_dobj_supplied" />
      <check verb="turn on" check="check_see_dobj" />
      <check verb="turn on" check="check_have_dobj" />
      <check verb="unbolt" check="check_dobj_supplied" />
      <check verb="unbolt" check="check_see_dobj" />
      <check verb="unlock" check="check_dobj_supplied" />
      <check verb="unlock" check="check_see_dobj" />
      <check verb="wear" check="check_see_dobj" />
      <check verb="wear" check="check_have_dobj" />
      <check verb="wear" check="check_dobj_wearable" />
      <check verb="look,l" check="check_light" />
      <check verb="open" check="check_dobj_closed" />
      <check verb="open" check="check_dobj_unlocked" />
      <check verb="lock" check="check_dobj_lockable" />
      <check verb="unlock" check="check_dobj_lockable" />
      <check verb="push,press" check="check_see_dobj" />
      <check verb="put,place" check="check_put" />
    </checks>
    <sentences>
      <sentence verb="burn" do="pile_of_leaves" prep="" io="" type="instead" sub="burn_leaves" />
      <sentence verb="burn" do="player" prep="" io="" type="instead" sub="burn_self" />
      <sentence verb="burn" do="*" prep="" io="" type="instead" sub="burn_unburnable" />
      <sentence verb="climb" do="*" prep="" io="" type="instead" sub="climb" />
      <sentence verb="drop" do="wooden_crate" prep="" io="" type="after" sub="after_drop_crate" />
      <sentence verb="drop" do="nose" prep="" io="" type="instead" sub="drop_undropable" />
      <sentence verb="eat" do="*" prep="" io="" type="instead" sub="eat_inedible" />
      <sentence verb="flush" do="filthy_toilet" prep="" io="" type="after" sub="flush_toilet" />
      <sentence verb="flush" do="*" prep="" io="" type="after" sub="cant_flush" />
      <sentence verb="get" do="charred_papers" prep="" io="" type="instead" sub="get_gunk" />
      <sentence verb="get" do="filthy_toilet" prep="" io="" type="instead" sub="get_toilet" />
      <sentence verb="kill" do="player" prep="" io="" type="instead" sub="kill_self" />
      <sentence verb="kill" do="*" prep="" io="" type="instead" sub="strange_humor" />
      <sentence verb="open" do="door" prep="with" io="paperclip" type="instead" sub="pick_lock" />
      <sentence verb="open" do="lock" prep="with" io="paperclip" type="instead" sub="unlock_door" />
      <sentence verb="open" do="cupola" prep="with" io="wrench" type="instead" sub="unbolt_cupola" />
      <sentence verb="light" do="flashlight" prep="" io="" type="instead" sub="flashlight_on" />
      <sentence verb="look" do="crevice" prep="in" io="" type="instead" sub="look_in_crevice" />
      <sentence verb="pick" do="lock" prep="" io="" type="instead" sub="pick_lock" />
      <sentence verb="pick" do="lock" prep="with" io="paperclip" type="instead" sub="pick_lock" />
      <sentence verb="pick" do="nose" prep="" io="" type="before" sub="pick_nose" />
      <sentence verb="pick" do="*" prep="" io="" type="instead" sub="pick_unpickable" />
      <sentence verb="pour" do="*" prep="" io="" type="instead" sub="confused_msg" />
      <sentence verb="put" do="wooden_crate" prep="in" io="steel_helmet" type="instead" sub="wont_fit" />
      <sentence verb="turn on" do="flashlight" prep="" io="" type="before" sub="flashlight_on" />
      <sentence verb="turn off" do="flashlight" prep="" io="" type="before" sub="flashlight_off" />
      <sentence verb="jump" do="" prep="" io="" type="instead" sub="jump" />
      <sentence verb="unbolt" do="cupola" prep="" io="" type="instead" sub="unbolt_cupola" />
      <sentence verb="unbolt" do="*" prep="" io="" type="instead" sub="cant_unbolt" />
      <sentence verb="unlock" do="door" prep="using" io="paperclip" type="instead" sub="pick_lock" />
      <sentence verb="unlock" do="door" prep="with" io="paperclip" type="instead" sub="pick_lock" />
      <sentence verb="unlock" do="door" prep="" io="" type="instead" sub="unlock_door" />
      <sentence verb="use" do="paperclip" prep="on" io="lock" type="instead" sub="unlock_door" />
      <sentence verb="use" do="paperclip" prep="on" io="door" type="instead" sub="unlock_door" />
      <sentence verb="use" do="filthy_toilet" prep="" io="" type="instead" sub="use_toilet" />
      <sentence verb="use" do="wrench" prep="on" io="bolts" type="instead" sub="unbolt_cupola" />
      <sentence verb="use" do="*" prep="" io="" type="instead" sub="use_unusable" />
      <sentence verb="up" do="" prep="" io="" type="instead" sub="instead_up" />
      <sentence verb="wait" do="" prep="" io="" type="instead" sub="wait" />
      <sentence verb="west" do="" prep="" io="" type="before" sub="before_west" />
      <sentence verb="put" do="*" prep="in" io="SMALL_ROUND_RECESS" type="instead" sub="wont_fit" />
      <sentence verb="put" do="COIN" prep="in" io="SMALL_ROUND_RECESS" type="instead" sub="insert_coin" />
      <sentence verb="light" do="CIGARETTE_LIGHTER" prep="" io="" type="instead" sub="light_lighter" />
      <sentence verb="get" do="PILE_OF_GUNK" prep="" io="" type="instead" sub="get_gunk" />
      <sentence verb="push" do="ROTTING_TREE" prep="" io="" type="instead" sub="push_tree" />
      <sentence verb="climb" do="ROTTING_TREE" prep="" io="" type="instead" sub="climb_tree" />
      <sentence verb="climb" do="BARBED_WIRE_FENCE" prep="" io="" type="instead" sub="climb_fence" />
      <sentence verb="get" do="GOLD_BARS" prep="" io="" type="after" sub="after_get_gold" />
      <sentence verb="examine" do="*" prep="" io="" type="before" sub="before_examine" />
      <sentence verb="read" do="*" prep="" io="" type="instead" sub="default_read" />
      <sentence verb="read" do="MAP" prep="" io="" type="instead" sub="read_map" />
      <sentence verb="read" do="MAP" prep="" io="" type="before" sub="before_examine" />
      <sentence verb="open" do="CUPOLA" prep="" io="" type="instead" sub="open_cupola" />
      <sentence verb="put" do="*" prep="in" io="METAL_BOX" type="instead" sub="put_in_box" />
      <sentence verb="unbolt" do="BOLTS" prep="" io="" type="instead" sub="unbolt_cupola" />
      <sentence verb="unbolt" do="BOLTS" prep="with" io="WRENCH" type="instead" sub="unbolt_cupola" />
      <sentence verb="drop" do="*" prep="" io="" type="after" sub="after_drop" />
      <sentence verb="burn" do="PILE_OF_LEAVES" prep="with" io="CIGARETTE_LIGHTER" type="instead" sub="burn_leaves" />
      <sentence verb="light" do="PILE_OF_LEAVES" prep="with" io="CIGARETTE_LIGHTER" type="instead" sub="burn_leaves" />
      <sentence verb="light" do="PILE_OF_LEAVES" prep="" io="" type="instead" sub="burn_leaves" />
      <sentence verb="listen" do="" prep="" io="" type="instead" sub="listen" />
      <sentence verb="smell" do="" prep="" io="" type="instead" sub="smell" />
      <sentence verb="push" do="*" prep="" io="" type="instead" sub="push_anythin" />
      <sentence verb="wear" do="*" prep="" io="" type="before" sub="before_examine" />
    </sentences>
    <routines>
      <routine name="before_west">
if (player.holder == TOP_OF_DEBRIS)
{
     println("As you squirm through the narrow gap, the rocks give way causing you to fall many feet to the tunnel floor.");
}



</routine>
      <routine name="instead_up">
if (player.holder == TOP_OF_SHAFT)
{
     if (wooden_crate.holder==player)
     {
          println("You can't fit through the opening while carrying the crate.");
     }
     else
     {
          move();
     }
}
else
{
     move();
}
</routine>
      <routine name="pick_lock">

if (paperclip.holder == player)
{
     if (lockPicked== 0)
     {
          println("After several attempts, you manage to unlock and open the door.");
          door.open=true;
          door.openable=true;
          door.locked=false;
          door.lockable=false;
          score += 20;
          lockPicked=1;
     }
     else
     {
          println("The door is already open.");
     }
}
else
{
     println("You have nothing to do that with.");
}
</routine>
      <routine name="look_in_crevice">
println("The crevice is too dark to see into.");
</routine>
      <routine name="burn_leaves">
if (cigarette_lighter.holder == player)
{
     if (pile_of_leaves.holder != player)
     {
          if (player.holder == base_of_shaft)
          {
               println("Fueled by the draft from above, the leaves evaporate in cloud of acrid smoke which rises quickly up the shaft.");
               score += 20;
               on_ladder.up=top_of_shaft;
               burnedLeaves=1;
               pile_of_leaves.holder=offscreen;
          }
          else if (player.holder == on_ladder)
          {
               println("You can't do that while on a ladder");
          }
          else
          {
               println("The leaves smoulder a bit, then go out due to the high humidity.");
          }
     }
     else
     {
          println("The leaves (which you are carrying) ignite. Unfortunately, the fire rapidly spreads to you.");
          println("Next time try dropping the leaves first.");
          kill_player();
     }
}
else
{
     println("You have no ignition source.");
}
</routine>
      <routine name="get_gunk">
println("As you reluctantly pick up the papers, they disintegrate, leaving you with a blackened paper clip.");
pile_of_gunk.holder=offscreen;
paperclip.holder=player;
score = score + 5;
</routine>
      <routine name="flashlight_on">
if (flashlight.lit==1)
{
     println("It's already on.");
}
else
{
     println("Click.");
     flashlight.lit=1;
     look();
}
</routine>
      <routine name="flashlight_off">
if (flashlight.lit==0)
{
     println("It's already off.");
     flashlight.lit=0;
     look();
}
else
{
     println("Click.");
     flashlight.lit=0;
}
</routine>
      <routine name="flush_toilet">
if (paperclip.holder==offscreen)
{
     println("The remaining water in the tank washes away the gunk, leaving a paperclip behind.");
     paperclip.holder=filthy_toilet;
     pile_of_gunk.holder=offscreen;
     score += 5;
}
else
{
     println("Nothing happens.");
}
</routine>
      <routine name="yell">
println("AAAAARRRRRRR.");
</routine>
      <routine name="unbolt_cupola">
if (wrench.holder == player)
{
     if (player.holder == top_of_shaft)
     {
          if (cupola.holder==top_of_shaft)
          {
               println("With some difficulty, you manage to remove the bolts. As you push the cupola up, it falls out of the way.");
               cupola.holder=0;
               cupola.initial_description="There is a large metal cupola on the ground.";
               cupola.description="The metal lid is heavily rusted.";
               top_of_shaft.description="You are at the top of a ventilation shaft. above, an open hole leads outside.";
               cupola.scenery=0;
               top_of_shaft.up = top_of_hill;
               score = score + 10;
          }
          else
          {
               println("You've already done that.");
          }
     }
     else
     {
          println("You can't do that here.");
     }
}
else
{
     println("You don't have anything to do that with.");
}
</routine>
      <routine name="cant_unbolt">println("You can't unbolt that.");
</routine>
      <routine name="jump">
if (player.holder==top_of_shaft)
{
     println("OK.");
     println("Unfortunately, the rock floor at the bottom of the shaft isn't quite as forgiving as you had anticipated.");
     kill_player();
}
else if (player.holder==on_ladder)
{
     println("You land with a thud at the bottom of the shaft.");
     player.holder = base_of_shaft;
}
else
{
     println("You fail to reach escape velocity.");
}
</routine>
      <routine name="turn_on">
println("You can't turn that on.");
</routine>
      <routine name="use_toilet">
println("Real mature.");
</routine>
      <routine name="kill_player">
println("***YOU HAVE DIED***");
player.holder=2;
flashlight.holder=1;
look();
</routine>
      <routine name="wait">
println("Time passes...");
</routine>
      <routine name="after_drop_crate">
if (player.holder == top_of_shaft)
{
     println("The crate falls down the shaft, smashing at the bottom.");
     wooden_crate.holder=offscreen;
     splintered_wood.holder=base_of_shaft;
     gold_bars.holder=base_of_shaft;
}
else if (player.holder == on_ladder)
{
     println("The crate falls down the shaft, nearly smashing.");
     wooden_crate.holder=base_of_shaft;
}
</routine>
      <routine name="drop_undropable">
println("You have  a strange sense of humor.");
</routine>
      <routine name="strange_humor">
println("You have a strange sense of humor.");
</routine>
      <routine name="cant_flush">
println("Stop trying to flush things!");
</routine>
      <routine name="pick_nose">
println("You have better ways to waste time.");
</routine>
      <routine name="burn_self">
println("Self immolation never solved anything.");
</routine>
      <routine name="burn_unburnable">
println("Arson never solved anything.");
</routine>
      <routine name="pick_unpickable">
println("You can't pick that.");
</routine>
      <routine name="get_toilet">
println("There are far better souvenirs down here.");
</routine>
      <routine name="kill_self">
println("There are several entertaining ways to die in this adventure...no need to speed things along.");
</routine>
      <routine name="unlock_door">
println("The key has long since been lost.");
</routine>
      <routine name="listen">
room = player.holder;
if (room.user1 == 1)
{
     println("You hear the wind rustling in the forest and the occaisional bird.");
}
else
{
     println("It is quiet except for the occaisional drop falling from the complex roof.");
}
</routine>
      <routine name="smell">
println("You smell nothing unexpected.");
</routine>
      <routine name="wont_fit">
println("It won't fit.");
</routine>
      <routine name="light_lighter">
println("The lighter sparks momentarily.");
</routine>
      <routine name="confused_msg">
println("I don't know how to do that.");
</routine>
      <routine name="eat_inedible">
println("That's not part of a healthy diet.");
</routine>
      <routine name="wear_helmet">
println("unused.");
</routine>
      <routine name="climb">
println("You can't climb that.");
</routine>
      <routine name="use_unusable">
println("I don't know how to do that.");
</routine>
      <routine name="insert_coin">if (pair_of_gloves.beingworn == 1)
{
     println("The coin snaps neatly into the recess.");
     println("Elsewhere in the complex, you can hear the distant sound of pumps running.");
     flooded_tunnel.nw=base_of_shaft;
     flooded_tunnel.w=255;
     flooded_tunnel.sw=radio_works;
     volt_meter.description = "The needle indicates current is flowing.";
     flooded_tunnel.description = "This is a low point at the end of an e-w tunnel. The main tunnel leads east. Smaller passages branch northwest and southwest.";
     score = score + 20;
     coin.portable=0;
     coin.holder = small_round_recess;
     water.holder=offscreen;
}
else
{
     println("***ZAP***");
     println("An electrical shock knocks you back.");
}
</routine>
      <routine name="push_tree">if (treeDown == 0)
{
     println("After several hard shoves, the tree topples over, taking out a section of the wire large enough to pass through.");
     57.n =overgrown_road;
     treeDown=1;
     rotting_tree.initial_description = "A rotting tree lies on the ground.";
     57.description = "Your are standing in the midst of dense forest.  What's left of a barbed wire fence, no longer blocks the way north.";
     score = score + 5;
}
else
{
     println("The tree is already down.");
}
</routine>
      <routine name="climb_tree">if (treeDown == 1)
{
     println("The tree is already down.");
}
else
{
     println("The decaying tree has no branches suitable for climbing.");
}
</routine>
      <routine name="climb_fence">println("No way! That fence is tetanus waiting to happen.");
</routine>
      <routine name="after_get_gold">if (gotGold==0)
{
     score = score + 20;
     gotGold=1;
}
</routine>
      <routine name="before_examine">if (dobj.portable == 1)
{
     if (dobj.holder != PLAYER)
     {
          println("(taken)");
          dobj.holder = PLAYER;
     }
}
</routine>
      <routine name="read_map">println("The map apparently shows the layout of this complex.  Three large caverns are labelled Richard I,II, and III.  Some tunnels have been crossed out, probably indicating demolitions.");
</routine>
      <routine name="default_read">println("Strange thing to read.");
</routine>
      <routine name="open_cupola">if (wrench.holder != PLAYER)
{
     println("The cupola is bolted shut.");
}
else
{
     println("(with the wrench)");
     println("After removing the bolts, you push the cupola up and out of the way.");
     top_of_shaft.up = top_of_hill;
     top_of_shaft.description="You are at the top of a ventilation shaft. above, an open hole leads outside.";
     cupola.holder = offscreen;
     bolts.holder = offscreen;
     score = score + 10;
}
</routine>
      <routine name="put_in_box">println("The box doesn't have any space.  You might, however, be able to put something in the round recess.";
</routine>
      <routine name="after_drop">if (dobj != wooden_crate)
{
     if (player.holder == top_of_shaft)
     {
          println("It falls to the bottom of the shaft.");
          dobj.holder = base_of_shaft;
     }
     if (player.holder == on_ladder)
     {
          println("It falls to the bottom of the shaft.");
          dobj.holder = base_of_shaft;
     }
}
</routine>
      <routine name="push_anythin">println("That would accomplish nothing.");
</routine>
    </routines>
    <events>
      <event name="bee_sound">
if ( player.holder == base_of_shaft )
{
     if (on_ladder.up != top_of_shaft)
     {
          println("High above, you can hear buzzing.");
     }
}
</event>
      <event name="game_over">if (player.holder == TOP_OF_HILL)
{
     if (gameOver == 0)
     {
          if (score == 100)
          {
               gameOver =1 ;
               println("CONGRATULATIONS!  You've completed this adventure.");
          }
          else
          {
               println("You've escaped, but you don't have a full score.");
          }
     }
}
</event>
      <event name="noLightDeath">if (turnsWithoutLight == 4)
{
     println("***CRASH***");
     println("It appears the caverns have collapsed on you.");
     println("I suppose that's what happens when you explore underground without a light source.");
     println("Let's try again.");
     player.holder = dirt_road;
     flashlight.holder = dirt_road;
     look();
}
</event>
      <event name="scenery">room = player.holder;
if (room.user1 == 1)
{
     sun.holder = room;
     trees.holder = room;
}</event>
    </events>
    <variables>
      <builtin>
        <var name="dobj" addr="sentence+1" value="0" />
        <var name="iobj" addr="sentence+3" value="0" />
        <var name="score" addr="score" value="0" />
        <var name="moves" addr="moves" value="0" />
        <var name="health" addr="health" value="100" />
        <var name="turnsWithoutLight" addr="turnsWithoutLight" value="0" />
        <var name="invWeight" addr="invWeight" value="0" />
        <var name="gameOver" addr="gameOver" value="0" />
      </builtin>
      <user>
        <var name="gotGold" addr="gotGold" value="0" />
        <var name="burnedLeaves" addr="burnedLeaves" value="0" />
        <var name="batteryLife" addr="batteryLife" value="100" />
        <var name="treeDown" addr="Form1" value="0" />
        <var name="lockPicked" addr="Form1" value="0" />
        <var name="room" addr="Lantern" value="0" />
      </user>
    </variables>
    <uservars />
    <walkthrough />
  </project>
</xml>