{"settings":{"basic":{"fontFamily":"Roboto","fontSize":13,"handdrawn":false},"grid":{"visible":true,"origin":true,"snap":true,"size":32,"color":"#f0f0f0","lineWidth":1,"originWidth":5,"background":"#ffffff"},"room":{"width":96,"height":64,"margin":6,"lineWidth":2,"lineStyle":1,"shape":0,"rounding":0,"darknessSize":50,"fillColor":"#ffffff","borderColor":"#000000","nameColor":"#333333","subtitleColor":"#666666","darkColor":"rgba(33, 35, 97, 0.8)","startRoomColor":"green","endRoomColor":"red"},"connector":{"lineWidth":1,"lineStyle":1,"isCurve":false,"color":"#000000","stalk":16,"arrowSize":5,"curveStrength":0.4,"labelDistance":12},"note":{"minWidth":64,"minHeight":32,"width":96,"height":64,"margin":6,"lineWidth":1,"lineStyle":1,"shape":0,"rounding":0,"fillColor":"#ffffff","borderColor":"#000000","textColor":"#333333"},"block":{"minWidth":64,"minHeight":32,"width":96,"height":64,"margin":6,"lineWidth":1,"lineStyle":0,"shape":0,"rounding":0,"fillColor":"#D5E5D6","borderColor":"#000000"}},"title":"","author":"","description":"","elements":[{"id":1,"_guid":"98abafc8-292c-46bb-ad87-3c0209c9daf3","_x":-288,"_y":-256,"_type":"Room","_name":"Outside Mansion","_subtitle":"","_description":"","_dark":false,"_endroom":false,"_w":96,"_h":64,"objects":[{"id":0,"_guid":"1de9b093-cf8a-4cd7-b26f-60a44b6e5d7b","_name":"key","_type":"Object","_description":"","_kind":5,"_content":[]}],"_lineStyle":1,"_shape":0},{"id":2,"_guid":"df4f850c-efdd-4904-a62b-5965473a52f2","_x":-128,"_y":-256,"_type":"Room","_name":"iron gate","_subtitle":"","_description":"","_dark":false,"_endroom":false,"_w":96,"_h":64,"objects":[],"_lineStyle":1,"_shape":0},{"id":3,"_guid":"854b77c1-096a-4926-88e5-3bc215dc5313","_x":32,"_y":-256,"_type":"Room","_name":"Path","_subtitle":"","_description":"","_dark":false,"_endroom":false,"_w":96,"_h":64,"objects":[],"_lineStyle":1,"_shape":0},{"id":4,"_guid":"97c8cbfe-dace-4ed8-b045-b449837d7e8f","_type":"Connector","_name":"","_dockStart":1,"_dockEnd":2,"_startDir":4,"_endDir":12,"_startY":0,"_startX":0,"_endY":-224,"_endX":-160,"_oneWay":false,"_startType":0,"_endType":0,"_startLabel":"","_endLabel":"","_lineStyle":1},{"id":5,"_guid":"668be2c6-9288-4d6c-b242-0211633bd5a1","_type":"Connector","_name":"","_dockStart":2,"_dockEnd":3,"_startDir":4,"_endDir":12,"_startY":0,"_startX":0,"_endY":-224,"_endX":0,"_oneWay":false,"_startType":0,"_endType":0,"_startLabel":"","_endLabel":"","_lineStyle":1}],"startRoom":0}