{"settings":{"basic":{"fontFamily":"Roboto","fontSize":13,"handdrawn":false},"grid":{"visible":true,"origin":true,"snap":true,"size":32,"color":"#f0f0f0","lineWidth":1,"originWidth":5,"background":"#ffffff"},"room":{"width":96,"height":64,"margin":6,"lineWidth":2,"lineStyle":1,"shape":0,"rounding":0,"darknessSize":50,"fillColor":"#ffffff","borderColor":"#000000","nameColor":"#333333","subtitleColor":"#666666","darkColor":"rgba(33, 35, 97, 0.8)","startRoomColor":"green","endRoomColor":"red"},"connector":{"lineWidth":1,"lineStyle":1,"isCurve":false,"color":"#000000","stalk":16,"arrowSize":5,"curveStrength":0.4,"labelDistance":12},"note":{"minWidth":64,"minHeight":32,"width":96,"height":64,"margin":6,"lineWidth":1,"lineStyle":1,"shape":0,"rounding":0,"fillColor":"#ffffff","borderColor":"#000000","textColor":"#333333"},"block":{"minWidth":64,"minHeight":32,"width":96,"height":64,"margin":6,"lineWidth":1,"lineStyle":0,"shape":0,"rounding":0,"fillColor":"#D5E5D6","borderColor":"#000000"}},"title":"Tropical Island","author":"Evan Wright","description":"This \"game\" is a mapping exercise. Read the room descriptions and use them to make a map in trizbort.io.  When your map is complete, download it and submit it in Schoology.","elements":[{"id":1,"_guid":"0c538376-fc08-43d2-9b42-fa023968720c","_x":-384,"_y":-256,"_type":"Room","_name":"Western Beach","_subtitle":"","_description":"You are standing on a sandy beach.  The west, the ocean extends to the horizon.  The beach extends further to the northeast and southeast.  To the east a path winds into the jungle toward a volcanic peak.","_dark":false,"_endroom":false,"_w":96,"_h":64,"objects":[],"_lineStyle":1,"_shape":0},{"id":2,"_guid":"38024cc3-edae-4631-a443-1be672393361","_x":-160,"_y":-256,"_type":"Room","_name":"Winding Path","_subtitle":"","_description":"You are standing on a dirt path which leads east and west.  To the north and south are impassible forest.","_dark":false,"_endroom":false,"_w":96,"_h":64,"objects":[],"_lineStyle":1,"_shape":0},{"id":3,"_guid":"ac27b9d6-66c2-4a92-a2d0-2474ce4b2d68","_type":"Connector","_name":"","_dockStart":1,"_dockEnd":2,"_startDir":4,"_endDir":12,"_startY":0,"_startX":0,"_endY":-256,"_endX":-224,"_oneWay":false,"_startType":0,"_endType":0,"_startLabel":"","_endLabel":"","_lineStyle":1},{"id":4,"_guid":"ac44821d-c627-480c-8675-80982fea1d16","_x":0,"_y":-256,"_type":"Room","_name":"Jungle","_subtitle":"","_description":"You are standing in the jungle at the intersection of several paths. Paths leads west and south. To the east, a rocky path leads up a volcanic peak. ","_dark":false,"_endroom":false,"_w":160,"_h":64,"objects":[],"_lineStyle":1,"_shape":0},{"id":5,"_guid":"bcc38de5-a482-4bd1-957a-d0c8b91524f3","_x":0,"_y":-160,"_type":"Room","_name":"North-South Path","_subtitle":"","_description":"This is a north-south jungle path. To the south is a small cave.","_dark":false,"_endroom":false,"_w":96,"_h":64,"objects":[],"_lineStyle":1,"_shape":0},{"id":6,"_guid":"146f7c42-2307-4e4a-9aa2-4626186518e4","_type":"Connector","_name":"","_dockStart":2,"_dockEnd":4,"_startDir":4,"_endDir":12,"_startY":0,"_startX":0,"_endY":-256,"_endX":-64,"_oneWay":false,"_startType":0,"_endType":0,"_startLabel":"","_endLabel":"","_lineStyle":1},{"id":7,"_guid":"2f0fc360-b7ce-4fe0-930e-4ecc6844bf50","_type":"Connector","_name":"","_dockStart":4,"_dockEnd":5,"_startDir":8,"_endDir":0,"_startY":0,"_startX":0,"_endY":-192,"_endX":0,"_oneWay":false,"_startType":0,"_endType":0,"_startLabel":"","_endLabel":"","_lineStyle":1},{"id":8,"_guid":"d13fdaae-38c8-4109-9f67-65fa995388e0","_x":0,"_y":-64,"_type":"Room","_name":"Small Cave","_subtitle":"","_description":"This is a small cave. To the north is jungle. ","_dark":false,"_endroom":false,"_w":96,"_h":64,"objects":[],"_lineStyle":1,"_shape":0},{"id":9,"_guid":"509d40fd-e264-45cc-870b-03350171b0e0","_type":"Connector","_name":"","_dockStart":5,"_dockEnd":8,"_startDir":8,"_endDir":0,"_startY":0,"_startX":0,"_endY":-96,"_endX":0,"_oneWay":false,"_startType":0,"_endType":0,"_startLabel":"","_endLabel":"","_lineStyle":1},{"id":10,"_guid":"1d6bfcf2-2490-49fb-a393-c840d8d0d6e9","_x":-32,"_y":-416,"_type":"Room","_name":"Northern Beach","_subtitle":"","_description":"You are standing on a sandy beach on the north side of a volcanic island.  The beach continues southeast and southwest.","_dark":false,"_endroom":false,"_w":160,"_h":64,"objects":[],"_lineStyle":1,"_shape":0},{"id":11,"_guid":"678c8f0a-7666-4410-a699-3826565d2eac","_type":"Connector","_name":"","_dockStart":10,"_dockEnd":1,"_startDir":10,"_endDir":2,"_startY":0,"_startX":0,"_endY":-288,"_endX":-224,"_oneWay":false,"_startType":0,"_endType":0,"_startLabel":"","_endLabel":"","_lineStyle":1},{"id":12,"_guid":"f59987c0-142a-4f20-89c6-dce00d559c70","_x":256,"_y":-256,"_type":"Room","_name":"Volcanic Peak","_subtitle":"","_description":"You are standing atop a volcanic peak rising out of the surrounding jungle. Beyond the jungle, you can make out a sandy beach which extends around the island, and the surrounding ocean. To the west, a path leads down to the jungle.","_dark":false,"_endroom":false,"_w":96,"_h":64,"objects":[],"_lineStyle":1,"_shape":0},{"id":13,"_guid":"b464bcbf-1dd9-4936-b74a-69fa584af0b0","_type":"Connector","_name":"","_dockStart":4,"_dockEnd":12,"_startDir":4,"_endDir":12,"_startY":0,"_startX":0,"_endY":-256,"_endX":160,"_oneWay":false,"_startType":3,"_endType":4,"_startLabel":"","_endLabel":"","_lineStyle":1},{"id":14,"_guid":"7bcbc1d4-f29b-4288-b47d-c5cf026e2db6","_x":0,"_y":64,"_type":"Room","_name":"Southern Beach","_subtitle":"","_description":"You are standing on a sandy beach on the south side of a volcanic island.  The beach continues northeast and northwest.","_dark":false,"_endroom":false,"_w":160,"_h":64,"objects":[],"_lineStyle":1,"_shape":0},{"id":15,"_guid":"4cb2fe7b-ca4d-4d0b-bcbf-b56fea944bc8","_type":"Connector","_name":"","_dockStart":1,"_dockEnd":14,"_startDir":6,"_endDir":14,"_startY":0,"_startX":0,"_endY":32,"_endX":-64,"_oneWay":false,"_startType":0,"_endType":0,"_startLabel":"","_endLabel":"","_lineStyle":1},{"id":16,"_guid":"744545d7-cb3e-4a7b-abfe-9ee85268e0f8","_x":448,"_y":-224,"_type":"Room","_name":"Eastern Beach","_subtitle":"","_description":"You are standing on a sandy beach on the west side of a small island.  The east, the ocean extends to the horizon.  The beach extends further to the northwest and southwest.  ","_dark":false,"_endroom":false,"_w":96,"_h":64,"objects":[],"_lineStyle":1,"_shape":0},{"id":17,"_guid":"4e3276e0-0162-46da-a5fa-ff47a14452e2","_type":"Connector","_name":"","_dockStart":10,"_dockEnd":16,"_startDir":6,"_endDir":14,"_startY":0,"_startX":0,"_endY":-288,"_endX":352,"_oneWay":false,"_startType":0,"_endType":0,"_startLabel":"","_endLabel":"","_lineStyle":1},{"id":18,"_guid":"021dd0fb-ff02-4f77-b8f0-d528c46a4372","_type":"Connector","_name":"","_dockStart":4,"_dockEnd":12,"_startDir":5,"_endDir":11,"_startY":0,"_startX":0,"_endY":-224,"_endX":224,"_oneWay":false,"_startType":0,"_endType":0,"_startLabel":"","_endLabel":"","_lineStyle":1},{"id":19,"_guid":"5b2c0634-43a7-4c32-8178-83a35ae21fe3","_type":"Connector","_name":"","_dockStart":16,"_dockEnd":14,"_startDir":10,"_endDir":2,"_startY":0,"_startX":0,"_endY":32,"_endX":96,"_oneWay":false,"_startType":0,"_endType":0,"_startLabel":"","_endLabel":"","_lineStyle":1}],"startRoom":0}