<?xml version="1.0" encoding="utf-8"?>
<xml xmlns:xsi="http://www.w3.org/2001/XMLSchema-instance" xmlns:xsd="http://www.w3.org/2001/XMLSchema">
  <project>
    <projname>LTE_test</projname>
    <welcome>Put a short welcome message here. If you need lengthy text, print it from the game_start function.</welcome>
    <author>Your name</author>
    <language>English</language>
    <version>Version 1.0</version>
    <output>adventure</output>
    <preps>
      <prep>in</prep>
      <prep>on</prep>
      <prep>at</prep>
      <prep>under</prep>
      <prep>into</prep>
      <prep>inside</prep>
      <prep>through</prep>
      <prep>out</prep>
      <prep>behind</prep>
      <prep>off</prep>
      <prep>up</prep>
      <prep>with</prep>
      <prep>to</prep>
      <prep>off</prep>
      <prep>north</prep>
      <prep>south</prep>
      <prep>east</prep>
      <prep>west</prep>
      <prep>northeast</prep>
      <prep>southeast</prep>
      <prep>northwest</prep>
      <prep>southwest</prep>
      <prep>up</prep>
      <prep>down</prep>
      <prep>about</prep>
      <prep>over</prep>
      <prep>across</prep>
      <prep>for</prep>
    </preps>
    <verbs>
      <builtinverbs>
        <verb>n,go north,north</verb>
        <verb>s,go south,south</verb>
        <verb>e,go east,east</verb>
        <verb>w,go west,west</verb>
        <verb>ne,go northeast,northeast</verb>
        <verb>se,go southeast,southeast</verb>
        <verb>sw,go southwest,southwest</verb>
        <verb>nw,go northwest,northwest</verb>
        <verb>up,go up,u</verb>
        <verb>down,go down,d</verb>
        <verb>enter,go in,go inside,get in</verb>
        <verb>out</verb>
        <verb>go</verb>
        <verb>get,take,grab,pick up</verb>
        <verb>give</verb>
        <verb>inventory,i</verb>
        <verb>kill,attack</verb>
        <verb>drop</verb>
        <verb>light</verb>
        <verb>look,l</verb>
        <verb>examine,x,look at</verb>
        <verb>look in</verb>
        <verb>search</verb>
        <verb>open</verb>
        <verb>lock</verb>
        <verb>unlock</verb>
        <verb>close,shut</verb>
        <verb>eat</verb>
        <verb>drink</verb>
        <verb>put,place</verb>
        <verb>quit</verb>
        <verb>smell,sniff</verb>
        <verb>listen</verb>
        <verb>wait</verb>
        <verb>climb</verb>
        <verb>yell,scream,shout</verb>
        <verb>jump</verb>
        <verb>talk to</verb>
        <verb>turn on</verb>
        <verb>turn off</verb>
        <verb>wear,put on</verb>
        <verb>save</verb>
        <verb>restore</verb>
        <verb>push,press</verb>
        <verb>read</verb>
        <verb>use</verb>
        <verb>again</verb>
      </builtinverbs>
      <userverbs />
    </verbs>
    <objects>
      <object id="0" holder="0" name="offscreen" printedname="offscreen">
        <description>Offscreen.  Move objects here to remove them from the world.</description>
        <initialdescription />
        <directions n="255" s="255" e="255" w="255" ne="255" se="255" sw="255" nw="255" up="255" down="255" in="255" out="255" mass="0" />
        <flags scenery="0" portable="0" container="0" supporter="0" transparent="0" openable="0" open="0" wearable="0" emittinglight="0" locked="0" lockable="0" beingworn="0" user1="0" door="0" user2="0" user3="0" user4="0" />
        <synonyms />
        <nogo>
          <s />
          <w />
          <ne />
          <nw />
          <e />
          <se />
          <sw />
          <n />
          <up />
          <down />
          <in />
          <out />
        </nogo>
        <ImageId />
      </object>
      <object id="1" holder="2" name="player" printedname="player">
        <description>You're a wonderful person. You shouldn't care what you look like.</description>
        <initialdescription />
        <directions n="255" s="255" e="255" w="255" ne="255" se="255" sw="255" nw="255" up="255" down="255" in="255" out="255" mass="0" />
        <flags scenery="0" portable="0" container="0" supporter="0" transparent="0" openable="0" open="0" wearable="0" emittinglight="0" locked="0" lockable="0" beingworn="0" user1="0" door="0" user2="0" user3="0" user4="0" />
        <synonyms names="me,self" />
        <nogo>
          <in>You can't enter that.</in>
          <out>I don't know which way that is.</out>
        </nogo>
        <ImageId />
      </object>
      <object id="2" holder="0" name="room_1" printedname="Room 1">
        <description>This is the end of a dirt road.</description>
        <initialdescription />
        <directions n="255" s="255" e="255" w="255" ne="255" se="255" sw="255" nw="255" up="255" down="255" in="255" out="255" mass="0" />
        <flags scenery="0" portable="0" container="0" supporter="0" transparent="0" openable="0" open="0" wearable="0" emittinglight="1" locked="0" lockable="0" beingworn="0" user1="0" door="0" user2="0" user3="0" user4="0" />
        <synonyms />
        <nogo>
          <in>You can't enter that.</in>
          <out>I don't know which way that is.</out>
        </nogo>
        <ImageId />
      </object>
    </objects>
    <checks>
      <check verb="n" check="check_move" />
      <check verb="s" check="check_move" />
      <check verb="e" check="check_move" />
      <check verb="w" check="check_move" />
      <check verb="u" check="check_move" />
      <check verb="d" check="check_move" />
      <check verb="ne" check="check_move" />
      <check verb="nw" check="check_move" />
      <check verb="se" check="check_move" />
      <check verb="sw" check="check_move" />
      <check verb="close" check="check_dobj_supplied" />
      <check verb="close" check="check_dobj_opnable" />
      <check verb="close" check="check_dobj_open" />
      <check verb="drink" check="check_dobj_supplied" />
      <check verb="drink" check="check_have_dobj" />
      <check verb="drop" check="check_dobj_supplied" />
      <check verb="drop" check="check_have_dobj" />
      <check verb="eat" check="check_dobj_supplied" />
      <check verb="eat" check="check_have_dobj" />
      <check verb="enter" check="check_dobj_supplied" />
      <check verb="enter" check="check_see_dobj" />
      <check verb="enter" check="check_move" />
      <check verb="out" check="check_move" />
      <check verb="examine" check="check_dobj_supplied" />
      <check verb="examine" check="check_see_dobj" />
      <check verb="get" check="check_dobj_supplied" />
      <check verb="get" check="check_see_dobj" />
      <check verb="get" check="check_dont_have_dobj" />
      <check verb="get" check="check_dobj_portable" />
      <check verb="get" check="check_weight" />
      <check verb="kill" check="check_dobj_supplied" />
      <check verb="kill" check="check_see_dobj" />
      <check verb="light" check="check_dobj_supplied" />
      <check verb="light" check="check_have_dobj" />
      <check verb="light" check="check_see_dobj" />
      <check verb="open" check="check_dobj_supplied" />
      <check verb="open" check="check_see_dobj" />
      <check verb="open" check="check_dobj_opnable" />
      <check verb="open" check="check_dobj_unlocked" />
      <check verb="put" check="check_dobj_supplied" />
      <check verb="put" check="check_prep_supplied" />
      <check verb="put" check="check_iobj_supplied" />
      <check verb="put" check="check_not_self_or_child" />
      <check verb="put" check="check_have_dobj" />
      <check verb="put" check="check_see_iobj" />
      <check verb="put" check="check_put" />
      <check verb="talk to" check="check_dobj_supplied" />
      <check verb="talk to" check="check_see_dobj" />
      <check verb="turn on" check="check_dobj_supplied" />
      <check verb="turn on" check="check_see_dobj" />
      <check verb="lock" check="check_dobj_supplied" />
      <check verb="lock" check="check_see_dobj" />
      <check verb="lock" check="check_dobj_lockable" />
      <check verb="unlock" check="check_dobj_supplied" />
      <check verb="unlock" check="check_see_dobj" />
      <check verb="unlock" check="check_dobj_lockable" />
      <check verb="look in" check="check_dobj_supplied" />
      <check verb="look in" check="check_see_dobj" />
      <check verb="wear" check="check_see_dobj" />
      <check verb="use" check="check_see_dobj" />
      <check verb="wear" check="check_have_dobj" />
      <check verb="wear" check="check_dobj_wearable" />
      <check verb="give" check="check_dobj_supplied" />
      <check verb="give" check="check_have_dobj" />
      <check verb="give" check="check_iobj_supplied" />
      <check verb="give" check="check_see_iobj" />
      <check verb="push" check="check_dobj_supplied" />
      <check verb="push" check="check_see_dobj" />
      <check verb="read" check="check_dobj_supplied" />
      <check verb="read" check="check_see_dobj" />
    </checks>
    <sentences>
      <sentence verb="wear" do="*" prep="" io="" type="before" sub="get_portable" />
      <sentence verb="get" do="player" prep="" io="" type="instead" sub="not_possible" />
      <sentence verb="kill" do="player" prep="" io="" type="instead" sub="kill_self" />
      <sentence verb="kill" do="*" prep="" io="" type="instead" sub="default_kill" />
      <sentence verb="talk to" do="player" prep="" io="" type="instead" sub="talk_to_self" />
      <sentence verb="talk to" do="*" prep="" io="" type="instead" sub="default_talk" />
      <sentence verb="listen" do="" prep="" io="" type="instead" sub="listen" />
      <sentence verb="wait" do="" prep="" io="" type="instead" sub="wait" />
      <sentence verb="yell" do="" prep="" io="" type="instead" sub="yell" />
      <sentence verb="jump" do="" prep="" io="" type="instead" sub="jump" />
      <sentence verb="eat" do="*" prep="" io="" type="instead" sub="default_eat" />
      <sentence verb="drink" do="*" prep="" io="" type="instead" sub="default_drink" />
      <sentence verb="smell" do="*" prep="" io="" type="instead" sub="smell" />
      <sentence verb="put" do="*" prep="under" io="*" type="instead" sub="default_put_under" />
      <sentence verb="take" do="*" prep="" io="" type="after" sub="report_take" />
      <sentence verb="drop" do="*" prep="" io="" type="after" sub="report_drop" />
      <sentence verb="close" do="*" prep="" io="" type="after" sub="report_closed" />
      <sentence verb="wear" do="*" prep="" io="" type="after" sub="report_wear" />
    </sentences>
    <routines>
      <routine name="game_start">//put any startup code or messages here
</routine>
      <routine name="reset">//When your project is done, right click and select 'Generate Reset code.'
</routine>
      <routine name="not_possible">if (dobj == player) { println("Not physically possible.");  } </routine>
      <routine name="get_portable">if (dobj.portable == 1) { if (dobj.holder != player) { println("(Taken)"); dobj.holder = player;}  } </routine>
      <routine name="kill_self">println("If you are experiencing suicidal thoughts you should seek psychiatric help.");</routine>
      <routine name="default_kill">println("Violence is not the answer.");</routine>
      <routine name="kill_player">println("***YOU HAVE DIED***");
println("Press any key...");
anykey();
cls();
reset();
</routine>
      <routine name="talk_to_self">println("Talking to yourself is a sign of impending mental collapse.");</routine>
      <routine name="default_talk">println("That fails to produce an exciting conversation.");</routine>
      <routine name="listen">println("You hear nothing unexpected.");</routine>
      <routine name="smell">println("You smell nothing unexpected.");</routine>
      <routine name="default_put_under">println("That would be pointless.");</routine>
      <routine name="wait">println("Time passes...");</routine>
      <routine name="yell">println("AAAAAAAAAAAAARRRRGGGGGG!");</routine>
      <routine name="jump">println("WHEEEEEE!");</routine>
      <routine name="default_eat">println("That's not part of a healthy diet.");</routine>
      <routine name="default_drink">println("You can't drink that.");</routine>
      <routine name="quit_sub">println("[Note: you can't quit the test client]");</routine>
      <routine name="report_take">println("Taken.");</routine>
      <routine name="report_drop">println("Dropped.");</routine>
      <routine name="report_closed">println("Closed.");</routine>
      <routine name="report_wear">print("You put on the ");
printname(dobj);
println(".");</routine>
    </routines>
    <CheckFunctions />
    <events>
      <event name="count_down">print("Counter = ");
printvar(counter);
println("");

if ( counter &lt;=0 )
{
     println("***BOOM***");
}
else
{
     counter--;
}
</event>
    </events>
    <variables>
      <builtin>
        <var name="dobj" addr="noun1" value="255" />
        <var name="iobj" addr="noun2" value="255" />
        <var name="score" addr="score" value="0" />
        <var name="moves" addr="moves" value="0" />
        <var name="health" addr="health" value="100" />
        <var name="turnsWithoutLight" addr="turnsWithoutLight" value="0" />
        <var name="gameOver" addr="gameOver" value="0" />
        <var name="answer" addr="answer" value="0" />
        <var name="iAnswer" addr="iAnswer" value="0" />
        <var name="maxWeight" addr="maxWeight" value="10" />
        <var name="invWeight" addr="invWeight" value="0" />
        <var name="couldSee" addr="couldSee" value="1" />
        <var name="canSee" addr="canSee" value="1" />
        <var name="prep" addr="prep" value="255" />
        <var name="itId" addr="itId" value="255" />
      </builtin>
      <user>
        <var name="counter" addr="Lantern" value="10" />
      </user>
    </variables>
    <Arrays />
    <BuildSettings>
      <SpectrumBorder>0</SpectrumBorder>
      <SpectrumPen>7</SpectrumPen>
      <SpectrumPaper>0</SpectrumPaper>
      <SpectrumFont />
      <BrightPalette>true</BrightPalette>
      <EnableGraphics>false</EnableGraphics>
      <C64LoadScreen />
      <CPMPostBuildScript />
      <C64Border>0</C64Border>
      <C64BG>2</C64BG>
      <C64FG>3</C64FG>
      <StatusLine>true</StatusLine>
    </BuildSettings>
    <StringDefs>
      <Strings>
        <StringDef>
          <StringName>LeadingA</StringName>
          <Z80name>leadinga</Z80name>
          <SF02Name>leadingA</SF02Name>
          <Value>A </Value>
        </StringDef>
        <StringDef>
          <StringName>LeadingAn</StringName>
          <Z80name>leadingan</Z80name>
          <SF02Name>leadingAn</SF02Name>
          <Value>An </Value>
        </StringDef>
        <StringDef>
          <StringName>The</StringName>
          <Z80name>the</Z80name>
          <SF02Name>the</SF02Name>
          <Value>The </Value>
        </StringDef>
        <StringDef>
          <StringName>Pardon</StringName>
          <Z80name>pardonstr</Z80name>
          <SF02Name>pardon</SF02Name>
          <Value>Pardon?</Value>
        </StringDef>
        <StringDef>
          <StringName>DontUnderstand</StringName>
          <Z80name>confused</Z80name>
          <SF02Name>confused</SF02Name>
          <Value>I don't follow you.</Value>
        </StringDef>
        <StringDef>
          <StringName>Done</StringName>
          <Z80name>done</Z80name>
          <SF02Name>done</SF02Name>
          <Value>Done.</Value>
        </StringDef>
        <StringDef>
          <StringName>Is</StringName>
          <Z80name>is</Z80name>
          <SF02Name>is</SF02Name>
          <Value> is...</Value>
        </StringDef>
        <StringDef>
          <StringName>InThe</StringName>
          <Z80name>inthe </Z80name>
          <SF02Name>inthe </SF02Name>
          <Value>In the </Value>
        </StringDef>
        <StringDef>
          <StringName>Onthe</StringName>
          <Z80name>onthe</Z80name>
          <SF02Name>onthe</SF02Name>
          <Value>On the </Value>
        </StringDef>
        <StringDef>
          <StringName>NotOpenable</StringName>
          <Z80name>notopenable</Z80name>
          <SF02Name>notOpenable</SF02Name>
          <Value>That's not openable.</Value>
        </StringDef>
        <StringDef>
          <StringName>NotCloseable</StringName>
          <Z80name>notcloseable</Z80name>
          <SF02Name>notcloseable</SF02Name>
          <Value>That's not closeable.</Value>
        </StringDef>
        <StringDef>
          <StringName>AlreadyOpen</StringName>
          <Z80name>alreadyopen</Z80name>
          <SF02Name>alreadyOpen</SF02Name>
          <Value>It's already open.</Value>
        </StringDef>
        <StringDef>
          <StringName>AlreadyClosed</StringName>
          <Z80name>alreadyclosed</Z80name>
          <SF02Name>alreadyClosed</SF02Name>
          <Value>It's already closed.</Value>
        </StringDef>
        <StringDef>
          <StringName>AlreadyHave</StringName>
          <Z80name>alreadyhave</Z80name>
          <SF02Name>alreadyHave</SF02Name>
          <Value>You already have that.</Value>
        </StringDef>
        <StringDef>
          <StringName>CantTake</StringName>
          <Z80name>notportable</Z80name>
          <SF02Name>notPortable</SF02Name>
          <Value>You can't take that.</Value>
        </StringDef>
        <StringDef>
          <StringName>CantDo</StringName>
          <Z80name>cantDoThat</Z80name>
          <SF02Name>cantDoThat</SF02Name>
          <Value>You can't do that.</Value>
        </StringDef>
        <StringDef>
          <StringName>Carrying</StringName>
          <Z80name>carrying</Z80name>
          <SF02Name>carrying</SF02Name>
          <Value>You are carrying...</Value>
        </StringDef>
        <StringDef>
          <StringName>TooHeavy</StringName>
          <Z80name>tooheavystr</Z80name>
          <SF02Name>tooHeavy</SF02Name>
          <Value>You can't carry any more.</Value>
        </StringDef>
        <StringDef>
          <StringName>HaveNothing</StringName>
          <Z80name>noitems</Z80name>
          <SF02Name>emptyhanded</SF02Name>
          <Value>You are empty handed.</Value>
        </StringDef>
        <StringDef>
          <StringName>CantSee</StringName>
          <Z80name>pitchdark</Z80name>
          <SF02Name>noLight</SF02Name>
          <Value>It is pitch dark.</Value>
        </StringDef>
        <StringDef>
          <StringName>DontHave</StringName>
          <Z80name>donthave</Z80name>
          <SF02Name>dontHave</SF02Name>
          <Value>You don't have that.</Value>
        </StringDef>
        <StringDef>
          <StringName>DontSee</StringName>
          <Z80name>dontseestr</Z80name>
          <SF02Name>dontsee</SF02Name>
          <Value>You don't see that here.</Value>
        </StringDef>
        <StringDef>
          <StringName>CantSeeIn</StringName>
          <Z80name>cantlook</Z80name>
          <SF02Name>noPeek</SF02Name>
          <Value>You can't see inside that.</Value>
        </StringDef>
        <StringDef>
          <StringName>FindNothing</StringName>
          <Z80name>nothing</Z80name>
          <SF02Name>itsEmpty</SF02Name>
          <Value>You find nothing.</Value>
        </StringDef>
        <StringDef>
          <StringName>CantOpen</StringName>
          <Z80name>cantopen</Z80name>
          <SF02Name>cantopen</SF02Name>
          <Value>You can't open that.</Value>
        </StringDef>
        <StringDef>
          <StringName>CantEnter</StringName>
          <Z80name>noenter</Z80name>
          <SF02Name>noenter</SF02Name>
          <Value>You can't enter that.</Value>
        </StringDef>
        <StringDef>
          <StringName>NotContainer</StringName>
          <Z80name>notcontainer</Z80name>
          <SF02Name>notContainer</SF02Name>
          <Value>You can't put things in that.</Value>
        </StringDef>
        <StringDef>
          <StringName>NotSupporter</StringName>
          <Z80name>notsupporter</Z80name>
          <SF02Name>nosurface</SF02Name>
          <Value>You find no suitable surface.</Value>
        </StringDef>
        <StringDef>
          <StringName>CantWear</StringName>
          <Z80name>notwearable</Z80name>
          <SF02Name>notwearable</SF02Name>
          <Value>You can't wear that.</Value>
        </StringDef>
        <StringDef>
          <StringName>AlreadyWearing</StringName>
          <Z80name>alreadyworn</Z80name>
          <SF02Name>alreadyWorn</SF02Name>
          <Value>You're already wearing that.</Value>
        </StringDef>
        <StringDef>
          <StringName>Opening</StringName>
          <Z80name>openingThe</Z80name>
          <SF02Name>openningThe</SF02Name>
          <Value>Opening the </Value>
        </StringDef>
        <StringDef>
          <StringName>Reveals</StringName>
          <Z80name>reveals</Z80name>
          <SF02Name>reveals</SF02Name>
          <Value> reveals...</Value>
        </StringDef>
        <StringDef>
          <StringName>ItsClosed</StringName>
          <Z80name>closed</Z80name>
          <SF02Name>itsClosed</SF02Name>
          <Value>It's closed.</Value>
        </StringDef>
        <StringDef>
          <StringName>IsClosed</StringName>
          <Z80name>isclosed</Z80name>
          <SF02Name>isclosed</SF02Name>
          <Value> is closed.</Value>
        </StringDef>
        <StringDef>
          <StringName>IsEmpty</StringName>
          <Z80name>isempty</Z80name>
          <SF02Name>isempty</SF02Name>
          <Value> is empty.</Value>
        </StringDef>
        <StringDef>
          <StringName>IsLocked</StringName>
          <Z80name>isLocked</Z80name>
          <SF02Name>isLocked</SF02Name>
          <Value> is locked.</Value>
        </StringDef>
        <StringDef>
          <StringName>ItsLocked</StringName>
          <Z80name>itslocked</Z80name>
          <SF02Name>itslocked</SF02Name>
          <Value>It's locked.</Value>
        </StringDef>
        <StringDef>
          <StringName>DoorClosed</StringName>
          <Z80name>doorclosed</Z80name>
          <SF02Name>doorclosed</SF02Name>
          <Value>The door is closed.</Value>
        </StringDef>
        <StringDef>
          <StringName>ThereIsA</StringName>
          <Z80name>thereisa</Z80name>
          <SF02Name>thereisa</SF02Name>
          <Value>There is a </Value>
        </StringDef>
        <StringDef>
          <StringName>Here</StringName>
          <Z80name>here</Z80name>
          <SF02Name>here</SF02Name>
          <Value> here.</Value>
        </StringDef>
        <StringDef>
          <StringName>Contains</StringName>
          <Z80name>contains</Z80name>
          <SF02Name>contains</SF02Name>
          <Value> contains...</Value>
        </StringDef>
        <StringDef>
          <StringName>ItsNotLocked</StringName>
          <Z80name>notlocked</Z80name>
          <SF02Name>notlocked</SF02Name>
          <Value>It's not locked.</Value>
        </StringDef>
        <StringDef>
          <StringName>NotLockable</StringName>
          <Z80name>notLockable</Z80name>
          <SF02Name>notLockable</SF02Name>
          <Value>That's not a lockable thing.</Value>
        </StringDef>
        <StringDef>
          <StringName>AlreadyLocked</StringName>
          <Z80name>alreadyLocked</Z80name>
          <SF02Name>alreadyLocked</SF02Name>
          <Value>It's already locked.</Value>
        </StringDef>
        <StringDef>
          <StringName>AlreadyUnlocked</StringName>
          <Z80name>alreadyUnlocked</Z80name>
          <SF02Name>alreadyUnlocked</SF02Name>
          <Value>It's already unlocked.</Value>
        </StringDef>
        <StringDef>
          <StringName>NotPossible</StringName>
          <Z80name>impossible</Z80name>
          <SF02Name>impossible</SF02Name>
          <Value>That's not possible.</Value>
        </StringDef>
        <StringDef>
          <StringName>WhichWay</StringName>
          <Z80name />
          <SF02Name />
          <Value>I don't know which way that is.</Value>
        </StringDef>
        <StringDef>
          <StringName>BadPut</StringName>
          <Z80name>badput</Z80name>
          <SF02Name>badput</SF02Name>
          <Value>That would violate the laws of physics.</Value>
        </StringDef>
        <StringDef>
          <StringName>ProvidingLight</StringName>
          <Z80name>providingLight</Z80name>
          <SF02Name>providingLight</SF02Name>
          <Value> (providing light)</Value>
        </StringDef>
        <StringDef>
          <StringName>BeingWorn</StringName>
          <Z80name>beingworn</Z80name>
          <SF02Name>beingWorn</SF02Name>
          <Value> (being worn)</Value>
        </StringDef>
        <StringDef>
          <StringName>MissingNoun</StringName>
          <Z80name>missingnoun</Z80name>
          <SF02Name>missingDobj</SF02Name>
          <Value>Missing noun.</Value>
        </StringDef>
        <StringDef>
          <StringName>MissingPrep</StringName>
          <Z80name>missingprep</Z80name>
          <SF02Name>missingPrep</SF02Name>
          <Value>Missing preposition.</Value>
        </StringDef>
        <StringDef>
          <StringName>MissingNoun2</StringName>
          <Z80name>missing_io</Z80name>
          <SF02Name>missing_io</SF02Name>
          <Value>Missing second noun.</Value>
        </StringDef>
        <StringDef>
          <StringName>BadWord</StringName>
          <Z80name>dontknowstr</Z80name>
          <SF02Name>badword</SF02Name>
          <Value>I don't know the word '</Value>
        </StringDef>
        <StringDef>
          <StringName>BadVerb</StringName>
          <Z80name>badverbstr</Z80name>
          <SF02Name>badverb</SF02Name>
          <Value>I don't know the verb '</Value>
        </StringDef>
        <StringDef>
          <StringName>Ambiguous</StringName>
          <Z80name>ambigstr</Z80name>
          <SF02Name>ambig</SF02Name>
          <Value>I don't know which one you mean.</Value>
        </StringDef>
        <StringDef>
          <StringName>Bye</StringName>
          <Z80name>bye</Z80name>
          <SF02Name>bye</SF02Name>
          <Value>Bye.</Value>
        </StringDef>
      </Strings>
    </StringDefs>
    <YouCantGoThatWay>You can't go that way.</YouCantGoThatWay>
    <DefaultDescription>You notice nothing unexpected.</DefaultDescription>
  </project>
</xml>